380,0.059200,0.100587,0.112425,0.056675,0.126012,0.116812,0.052900,0.103600,0.087288,0.086950,0.059525,0.054700,0.056863,0.055787,0.050575,0.051375,0.122675,0.100087,0.144788,0.134750,0.122162,0.096338,0.066462,0.030550
381,0.059740,0.103559,0.116065,0.057125,0.130003,0.120431,0.053196,0.107039,0.089731,0.089915,0.060046,0.055356,0.057137,0.056097,0.050713,0.051452,0.126367,0.102950,0.147617,0.138255,0.126402,0.099169,0.067624,0.030711
382,0.060263,0.106587,0.120088,0.057562,0.134566,0.124400,0.053484,0.110739,0.092149,0.092990,0.060552,0.055995,0.057496,0.056399,0.050841,0.051526,0.130574,0.106067,0.151709,0.142709,0.131018,0.102044,0.068765,0.030867
383,0.060766,0.109670,0.124470,0.057986,0.139661,0.128699,0.053761,0.114687,0.094542,0.096169,0.061040,0.056616,0.057933,0.056692,0.050956,0.051597,0.135259,0.109423,0.156943,0.148030,0.135990,0.104959,0.069885,0.031019
384,0.061246,0.112807,0.129188,0.058395,0.145249,0.133305,0.054026,0.118868,0.096908,0.099450,0.061511,0.057217,0.058441,0.056976,0.051059,0.051663,0.140386,0.113004,0.163198,0.154137,0.141296,0.107915,0.070982,0.031165
385,0.061701,0.115996,0.134218,0.058788,0.151288,0.138199,0.054279,0.123269,0.099249,0.102829,0.061960,0.057798,0.059011,0.057250,0.051148,0.051722,0.145919,0.116796,0.170354,0.160948,0.146913,0.110911,0.072056,0.031305
386,0.062128,0.119236,0.139535,0.059164,0.157738,0.143359,0.054518,0.127876,0.101562,0.106301,0.062389,0.058357,0.059637,0.057514,0.051223,0.051773,0.151823,0.120782,0.178291,0.168382,0.152821,0.113946,0.073106,0.031438
387,0.062524,0.122527,0.145116,0.059521,0.164559,0.148764,0.054742,0.132674,0.103848,0.109863,0.062793,0.058893,0.060310,0.057766,0.051283,0.051816,0.158062,0.124949,0.186887,0.176356,0.158996,0.117020,0.074131,0.031565
388,0.062886,0.125867,0.150936,0.059860,0.171709,0.154393,0.054950,0.137649,0.106106,0.113511,0.063173,0.059405,0.061023,0.058007,0.051327,0.051848,0.164599,0.129282,0.196022,0.184791,0.165418,0.120131,0.075131,0.031684
389,0.063213,0.129254,0.156972,0.060178,0.179149,0.160224,0.055140,0.142787,0.108336,0.117241,0.063526,0.059891,0.061768,0.058235,0.051353,0.051868,0.171399,0.133767,0.205575,0.193603,0.172064,0.123279,0.076104,0.031796
390,0.063500,0.132688,0.163200,0.060475,0.186837,0.166238,0.055313,0.148075,0.110537,0.121050,0.063850,0.060350,0.062537,0.058450,0.051362,0.051875,0.178425,0.138387,0.215425,0.202712,0.178913,0.126463,0.077050,0.031900
391,0.063760,0.136299,0.169964,0.060757,0.195270,0.172766,0.055469,0.153740,0.112788,0.125083,0.064151,0.060791,0.063349,0.058655,0.051350,0.051874,0.186176,0.143358,0.226406,0.212835,0.186342,0.129786,0.077985,0.031997
392,0.064005,0.140163,0.177518,0.061030,0.204824,0.180049,0.055615,0.159945,0.115133,0.129430,0.064436,0.061223,0.064229,0.058854,0.051317,0.051870,0.195018,0.148833,0.239285,0.224573,0.194618,0.133307,0.078920,0.032088
393,0.064235,0.144198,0.185696,0.061293,0.215281,0.187922,0.055751,0.166576,0.117521,0.134005,0.064706,0.061643,0.065189,0.059046,0.051267,0.051864,0.204720,0.154711,0.253841,0.237677,0.203549,0.136961,0.079847,0.032174
394,0.064451,0.148317,0.194336,0.061546,0.226425,0.196221,0.055879,0.173520,0.119901,0.138722,0.064962,0.062048,0.066239,0.059230,0.051206,0.051857,0.215050,0.160893,0.269854,0.251894,0.212943,0.140679,0.080757,0.032256
395,0.064652,0.152439,0.203275,0.061786,0.238037,0.204782,0.055999,0.180665,0.122223,0.143494,0.065205,0.062435,0.067389,0.059406,0.051137,0.051850,0.225775,0.167276,0.287103,0.266975,0.222608,0.144396,0.081641,0.032334
396,0.064838,0.156477,0.212348,0.062013,0.249900,0.213442,0.056114,0.187897,0.124435,0.148235,0.065436,0.062803,0.068649,0.059575,0.051066,0.051843,0.236664,0.173759,0.305369,0.282666,0.232353,0.148045,0.082491,0.032409
397,0.065010,0.160349,0.221393,0.062225,0.261796,0.222037,0.056224,0.195103,0.126488,0.152859,0.065656,0.063148,0.070028,0.059735,0.050997,0.051836,0.247484,0.180242,0.324431,0.298719,0.241987,0.151559,0.083298,0.032481
398,0.065167,0.163971,0.230247,0.062421,0.273509,0.230402,0.056330,0.202171,0.128329,0.157279,0.065867,0.063469,0.071538,0.059887,0.050935,0.051830,0.258004,0.186622,0.344068,0.314880,0.251317,0.154871,0.084053,0.032551
399,0.065310,0.167257,0.238745,0.062601,0.284820,0.238373,0.056434,0.208986,0.129908,0.161409,0.066068,0.063762,0.073188,0.060029,0.050884,0.051826,0.267991,0.192801,0.364060,0.330899,0.260152,0.157915,0.084748,0.032620
400,0.065437,0.170125,0.246725,0.062762,0.295513,0.245787,0.056537,0.215438,0.131175,0.165162,0.066263,0.064025,0.074987,0.060163,0.050850,0.051825,0.277212,0.198675,0.384188,0.346525,0.268300,0.160625,0.085375,0.032688
401,0.065560,0.172774,0.254639,0.062917,0.306149,0.252991,0.056646,0.221660,0.132269,0.168773,0.066459,0.064277,0.077118,0.060290,0.050828,0.051844,0.286240,0.204492,0.405620,0.362665,0.276221,0.163155,0.085968,0.032758
402,0.065683,0.175426,0.262913,0.063075,0.317269,0.260355,0.056762,0.227851,0.133348,0.172472,0.066661,0.064535,0.079726,0.060417,0.050810,0.051896,0.295640,0.210495,0.429306,0.380091,0.284380,0.165677,0.086560,0.032835
403,0.065804,0.178028,0.271343,0.063232,0.328623,0.267750,0.056881,0.233986,0.134389,0.176171,0.066866,0.064791,0.082774,0.060540,0.050795,0.051973,0.305176,0.216579,0.454691,0.398346,0.292598,0.168150,0.087141,0.032913
404,0.065919,0.180526,0.279725,0.063382,0.339961,0.275048,0.056998,0.240042,0.135368,0.179782,0.067065,0.065037,0.086223,0.060658,0.050782,0.052069,0.314614,0.222637,0.481218,0.416974,0.300693,0.170531,0.087699,0.032991
405,0.066026,0.182869,0.287854,0.063521,0.351030,0.282120,0.057110,0.245995,0.136261,0.183218,0.067254,0.065265,0.090036,0.060770,0.050770,0.052175,0.323716,0.228564,0.508333,0.435517,0.308484,0.172781,0.088223,0.033065
406,0.066120,0.185003,0.295526,0.063645,0.361581,0.288837,0.057211,0.251822,0.137044,0.186390,0.067427,0.065469,0.094174,0.060875,0.050758,0.052284,0.332246,0.234253,0.535481,0.453522,0.315791,0.174856,0.088701,0.033133
407,0.066199,0.186876,0.302537,0.063750,0.371363,0.295071,0.057298,0.257500,0.137695,0.189210,0.067577,0.065641,0.098599,0.060970,0.050745,0.052388,0.339970,0.239600,0.562107,0.470529,0.322434,0.176716,0.089123,0.033190
408,0.066260,0.188435,0.308683,0.063830,0.380125,0.300693,0.057366,0.263004,0.138189,0.191589,0.067700,0.065773,0.103273,0.061055,0.050729,0.052481,0.346650,0.244498,0.587655,0.486085,0.328230,0.178319,0.089477,0.033235
409,0.066299,0.189627,0.313760,0.063882,0.387617,0.305575,0.057409,0.268312,0.138503,0.193441,0.067788,0.065858,0.108157,0.061128,0.050711,0.052554,0.352051,0.248842,0.611571,0.499731,0.333000,0.179623,0.089753,0.033265
410,0.066312,0.190400,0.317563,0.063900,0.393587,0.309588,0.057425,0.273400,0.138612,0.194675,0.067837,0.065888,0.113212,0.061187,0.050688,0.052600,0.355938,0.252525,0.633300,0.511012,0.336562,0.180588,0.089938,0.033275
411,0.066306,0.190910,0.320579,0.063893,0.398595,0.312974,0.057419,0.278280,0.138572,0.195549,0.067862,0.065886,0.118940,0.061235,0.050654,0.052627,0.358937,0.255676,0.654054,0.520873,0.339370,0.181322,0.090062,0.033270
412,0.066287,0.191354,0.323418,0.063873,0.403343,0.316082,0.057404,0.282992,0.138458,0.196373,0.067880,0.065884,0.125715,0.061274,0.050605,0.052648,0.361808,0.258525,0.675144,0.530475,0.341990,0.181972,0.090167,0.033257
413,0.066258,0.191740,0.326060,0.063844,0.407801,0.318936,0.057381,0.287555,0.138283,0.197135,0.067894,0.065879,0.133318,0.061307,0.050546,0.052665,0.364506,0.261124,0.696159,0.539687,0.344412,0.182549,0.090255,0.033237
414,0.066220,0.192078,0.328485,0.063807,0.411939,0.321564,0.057352,0.291987,0.138060,0.197828,0.067905,0.065874,0.141527,0.061336,0.050478,0.052680,0.366986,0.263522,0.716689,0.548378,0.346625,0.183064,0.090330,0.033213
415,0.066177,0.192375,0.330675,0.063767,0.415724,0.323991,0.057322,0.296308,0.137800,0.198440,0.067914,0.065869,0.150123,0.061363,0.050406,0.052693,0.369206,0.265769,0.736325,0.556420,0.348620,0.183526,0.090397,0.033188
416,0.066129,0.192641,0.332608,0.063725,0.419127,0.326244,0.057291,0.300536,0.137517,0.198962,0.067923,0.065863,0.158882,0.061390,0.050332,0.052706,0.371121,0.267916,0.754656,0.563680,0.350386,0.183947,0.090459,0.033162
417,0.066079,0.192882,0.334266,0.063685,0.422115,0.328348,0.057262,0.304691,0.137221,0.199385,0.067934,0.065858,0.167586,0.061419,0.050260,0.052720,0.372686,0.270012,0.771273,0.570028,0.351914,0.184338,0.090521,0.033138
418,0.066030,0.193109,0.335628,0.063649,0.424659,0.330331,0.057238,0.308791,0.136927,0.199700,0.067947,0.065854,0.176012,0.061451,0.050193,0.052738,0.373859,0.272108,0.785765,0.575335,0.353192,0.184710,0.090585,0.033118
419,0.065982,0.193329,0.336675,0.063619,0.426727,0.332219,0.057220,0.312854,0.136644,0.199895,0.067965,0.065851,0.183941,0.061490,0.050134,0.052760,0.374595,0.274254,0.797724,0.579469,0.354212,0.185072,0.090656,0.033105
420,0.065937,0.193550,0.337388,0.063600,0.428287,0.334037,0.057212,0.316900,0.136387,0.199962,0.067988,0.065850,0.191150,0.061538,0.050088,0.052788,0.374850,0.276500,0.806737,0.582300,0.354963,0.185438,0.090737,0.033100
421,0.065895,0.193759,0.337910,0.063587,0.429535,0.335753,0.057210,0.320927,0.136140,0.199799,0.068025,0.065851,0.197888,0.061596,0.050050,0.052828,0.374750,0.278765,0.813940,0.584331,0.355530,0.185792,0.090827,0.033101
422,0.065850,0.193942,0.338400,0.063574,0.430682,0.337332,0.057208,0.324917,0.135879,0.199337,0.068085,0.065852,0.204532,0.061665,0.050016,0.052886,0.374465,0.280953,0.820709,0.586158,0.356016,0.186119,0.090917,0.033103
423,0.065804,0.194104,0.338851,0.063561,0.431729,0.338801,0.057206,0.328863,0.135609,0.198616,0.068163,0.065855,0.211056,0.061746,0.049985,0.052958,0.374013,0.283089,0.826997,0.587793,0.356435,0.186425,0.091009,0.033105
424,0.065756,0.194255,0.339258,0.063550,0.432677,0.340185,0.057205,0.332758,0.135334,0.197678,0.068259,0.065859,0.217432,0.061836,0.049957,0.053044,0.373416,0.285201,0.832761,0.589249,0.356800,0.186715,0.091103,0.033109
425,0.065708,0.194400,0.339616,0.063539,0.433525,0.341512,0.057203,0.336595,0.135057,0.196564,0.068368,0.065864,0.223633,0.061936,0.049930,0.053140,0.372693,0.287315,0.837956,0.590537,0.357125,0.186995,0.091200,0.033113
426,0.065660,0.194547,0.339921,0.063530,0.434273,0.342806,0.057202,0.340367,0.134782,0.195314,0.068489,0.065870,0.229634,0.062043,0.049903,0.053244,0.371865,0.289457,0.842536,0.591668,0.357424,0.187269,0.091299,0.033116
427,0.065612,0.194703,0.340167,0.063523,0.434920,0.344095,0.057201,0.344068,0.134513,0.193969,0.068619,0.065876,0.235406,0.062158,0.049877,0.053355,0.370951,0.291653,0.846457,0.592654,0.357711,0.187544,0.091400,0.033120
428,0.065565,0.194876,0.340348,0.063517,0.435468,0.345404,0.057201,0.347691,0.134252,0.192570,0.068755,0.065884,0.240924,0.062279,0.049849,0.053469,0.369972,0.293931,0.849673,0.593508,0.358000,0.187824,0.091505,0.033122
429,0.065519,0.195073,0.340461,0.063514,0.435915,0.346759,0.057200,0.351229,0.134005,0.191159,0.068896,0.065892,0.246160,0.062406,0.049820,0.053585,0.368949,0.296317,0.852140,0.594240,0.358304,0.188116,0.091613,0.033124
430,0.065475,0.195300,0.340500,0.063512,0.436262,0.348187,0.057200,0.354675,0.133775,0.189775,0.069038,0.065900,0.251088,0.062537,0.049787,0.053700,0.367900,0.298837,0.853812,0.594862,0.358637,0.188425,0.091725,0.033125
431,0.065431,0.195564,0.340492,0.063515,0.436554,0.349649,0.057202,0.358106,0.133561,0.188302,0.069187,0.065912,0.255776,0.062677,0.049753,0.053816,0.366657,0.301508,0.854986,0.595406,0.358996,0.188758,0.091848,0.033122
432,0.065387,0.195863,0.340469,0.063523,0.436832,0.351095,0.057208,0.361573,0.133360,0.186617,0.069351,0.065930,0.260309,0.062830,0.049717,0.053937,0.365069,0.304316,0.855999,0.595896,0.359364,0.189113,0.091988,0.033114
433,0.065342,0.196197,0.340432,0.063535,0.437093,0.352537,0.057218,0.365036,0.133169,0.184753,0.069531,0.065953,0.264685,0.062996,0.049680,0.054065,0.363187,0.307246,0.856877,0.596338,0.359737,0.189483,0.092138,0.033101
434,0.065298,0.196564,0.340382,0.063551,0.437333,0.353988,0.057230,0.368450,0.132984,0.182744,0.069725,0.065982,0.268900,0.063175,0.049641,0.054199,0.361063,0.310282,0.857640,0.596738,0.360108,0.189861,0.092295,0.033085
435,0.065255,0.196964,0.340318,0.063570,0.437546,0.355460,0.057245,0.371774,0.132804,0.180623,0.069936,0.066015,0.272950,0.063368,0.049602,0.054342,0.358747,0.313408,0.858311,0.597101,0.360473,0.190237,0.092452,0.033065
436,0.065213,0.197394,0.340243,0.063592,0.437730,0.356964,0.057262,0.374966,0.132624,0.178423,0.070162,0.066051,0.276833,0.063574,0.049562,0.054495,0.356290,0.316607,0.858914,0.597433,0.360826,0.190606,0.092604,0.033043
437,0.065174,0.197854,0.340157,0.063615,0.437880,0.358513,0.057280,0.377981,0.132443,0.176178,0.070403,0.066091,0.280545,0.063794,0.049522,0.054658,0.353742,0.319865,0.859471,0.597740,0.361164,0.190960,0.092746,0.033020
438,0.065137,0.198342,0.340060,0.063639,0.437993,0.360119,0.057299,0.380779,0.132258,0.173920,0.070661,0.066134,0.284083,0.064028,0.049481,0.054833,0.351154,0.323164,0.860003,0.598027,0.361479,0.191290,0.092874,0.032996
439,0.065104,0.198858,0.339953,0.063663,0.438063,0.361794,0.057318,0.383316,0.132065,0.171683,0.070935,0.066179,0.287444,0.064276,0.049441,0.055022,0.348577,0.326490,0.860535,0.598299,0.361768,0.191589,0.092981,0.032973
440,0.065075,0.199400,0.339838,0.063687,0.438088,0.363550,0.057337,0.385550,0.131862,0.169500,0.071225,0.066225,0.290625,0.064537,0.049400,0.055225,0.346062,0.329825,0.861088,0.598562,0.362025,0.191850,0.093063,0.032950
441,0.065050,0.199989,0.339636,0.063714,0.438061,0.365378,0.057359,0.387661,0.131654,0.167327,0.071541,0.066280,0.293837,0.064822,0.049359,0.055449,0.343535,0.333216,0.861634,0.598830,0.362271,0.192095,0.093130,0.032927
442,0.065027,0.200644,0.339285,0.063746,0.437983,0.367267,0.057384,0.389815,0.131446,0.165104,0.071892,0.066348,0.297216,0.065136,0.049318,0.055700,0.340897,0.336706,0.862139,0.599105,0.362524,0.192347,0.093195,0.032900
443,0.065007,0.201363,0.338805,0.063781,0.437859,0.369223,0.057413,0.391949,0.131237,0.162841,0.072277,0.066428,0.300642,0.065479,0.049277,0.055977,0.338165,0.340277,0.862611,0.599380,0.362776,0.192598,0.093259,0.032872
444,0.064988,0.202143,0.338217,0.063820,0.437693,0.371251,0.057444,0.394002,0.131023,0.160548,0.072697,0.066516,0.303997,0.065851,0.049235,0.056281,0.335354,0.343909,0.863059,0.599646,0.363021,0.192841,0.093318,0.032843
445,0.064970,0.202982,0.337543,0.063860,0.437490,0.373358,0.057477,0.395910,0.130805,0.158236,0.073150,0.066610,0.307162,0.066250,0.049192,0.056610,0.332480,0.347583,0.863494,0.599895,0.363249,0.193068,0.093372,0.032811
446,0.064952,0.203877,0.336803,0.063901,0.437254,0.375550,0.057511,0.397612,0.130578,0.155915,0.073637,0.066707,0.310018,0.066677,0.049149,0.056964,0.329558,0.351281,0.863924,0.600117,0.363454,0.193270,0.093419,0.032779
447,0.064935,0.204825,0.336017,0.063942,0.436990,0.377832,0.057544,0.399044,0.130343,0.153594,0.074157,0.066805,0.312446,0.067129,0.049106,0.057343,0.326605,0.354983,0.864359,0.600305,0.363626,0.193441,0.093458,0.032747
448,0.064916,0.205824,0.335208,0.063981,0.436703,0.380212,0.057577,0.400145,0.130097,0.151284,0.074710,0.066901,0.314327,0.067608,0.049063,0.057747,0.323636,0.358670,0.864808,0.600449,0.363759,0.193573,0.093487,0.032714
449,0.064897,0.206870,0.334395,0.064017,0.436396,0.382695,0.057609,0.400851,0.129837,0.148995,0.075295,0.066991,0.315543,0.068111,0.049019,0.058174,0.320666,0.362324,0.865281,0.600542,0.363845,0.193658,0.093506,0.032682
450,0.064875,0.207962,0.333600,0.064050,0.436075,0.385288,0.057638,0.401100,0.129562,0.146737,0.075912,0.067075,0.315975,0.068638,0.048975,0.058625,0.317713,0.365925,0.865788,0.600575,0.363875,0.193688,0.093512,0.032650
451,0.064851,0.209129,0.332786,0.064079,0.435671,0.388030,0.057664,0.401007,0.129269,0.144492,0.076582,0.067152,0.315889,0.069200,0.048931,0.059114,0.314741,0.369472,0.866323,0.600561,0.363849,0.193673,0.093498,0.032618
452,0.064826,0.210397,0.331905,0.064107,0.435122,0.390952,0.057688,0.400739,0.128956,0.142239,0.077322,0.067227,0.315639,0.069810,0.048888,0.059657,0.311716,0.372982,0.866877,0.600519,0.363774,0.193632,0.093457,0.032584
453,0.064799,0.211765,0.330964,0.064133,0.434443,0.394039,0.057710,0.400312,0.128625,0.139984,0.078131,0.067299,0.315240,0.070469,0.048846,0.060251,0.308651,0.376470,0.867447,0.600455,0.363657,0.193567,0.093395,0.032549
454,0.064771,0.213230,0.329969,0.064159,0.433652,0.397278,0.057732,0.399744,0.128276,0.137734,0.079010,0.067371,0.314707,0.071177,0.048803,0.060899,0.305558,0.379945,0.868032,0.600371,0.363506,0.193483,0.093315,0.032514
455,0.064743,0.214789,0.328927,0.064184,0.432762,0.400658,0.057754,0.399051,0.127911,0.135496,0.079956,0.067441,0.314053,0.071935,0.048759,0.061598,0.302452,0.383419,0.868631,0.600270,0.363326,0.193384,0.093221,0.032478
456,0.064715,0.216440,0.327844,0.064208,0.431790,0.404163,0.057777,0.398250,0.127532,0.133276,0.080969,0.067512,0.313292,0.072742,0.048714,0.062349,0.299344,0.386905,0.869241,0.600156,0.363126,0.193272,0.093119,0.032444
457,0.064687,0.218179,0.326726,0.064233,0.430751,0.407782,0.057801,0.397358,0.127140,0.131082,0.082047,0.067584,0.312440,0.073601,0.048668,0.063151,0.296248,0.390415,0.869860,0.600033,0.362911,0.193151,0.093011,0.032411
458,0.064661,0.220004,0.325579,0.064258,0.429660,0.411501,0.057827,0.396391,0.126736,0.128918,0.083190,0.067657,0.311510,0.074511,0.048619,0.064004,0.293178,0.393959,0.870488,0.599903,0.362689,0.193026,0.092902,0.032379
459,0.064636,0.221912,0.324410,0.064285,0.428534,0.415307,0.057856,0.395366,0.126322,0.126793,0.084395,0.067733,0.310517,0.075473,0.048567,0.064908,0.290145,0.397550,0.871123,0.599770,0.362467,0.192899,0.092797,0.032351
460,0.064613,0.223900,0.323225,0.064312,0.427387,0.419187,0.057888,0.394300,0.125900,0.124713,0.085663,0.067812,0.309475,0.076487,0.048513,0.065863,0.287162,0.401200,0.871762,0.599638,0.362250,0.192775,0.092700,0.032325
461,0.064590,0.226031,0.322017,0.064341,0.426159,0.423234,0.057923,0.392987,0.125461,0.122660,0.087033,0.067894,0.308111,0.077579,0.048453,0.066900,0.284236,0.405006,0.872414,0.599491,0.362022,0.192641,0.092605,0.032302
462,0.064566,0.228356,0.320772,0.064368,0.424786,0.427519,0.057963,0.391243,0.124998,0.120618,0.088543,0.067975,0.306197,0.078770,0.048389,0.068054,0.281353,0.409010,0.873082,0.599317,0.361763,0.192485,0.092503,0.032282
463,0.064541,0.230857,0.319489,0.064396,0.423283,0.432003,0.058007,0.389121,0.124514,0.118593,0.090189,0.068058,0.303811,0.080063,0.048320,0.069318,0.278505,0.413142,0.873765,0.599120,0.361479,0.192312,0.092397,0.032263
464,0.064517,0.233516,0.318165,0.064424,0.421664,0.436642,0.058054,0.386671,0.124012,0.116592,0.091966,0.068143,0.301030,0.081456,0.048248,0.070691,0.275678,0.417332,0.874458,0.598904,0.361175,0.192125,0.092288,0.032245
465,0.064494,0.236315,0.316798,0.064453,0.419944,0.441397,0.058106,0.383944,0.123496,0.114621,0.093868,0.068229,0.297934,0.082950,0.048173,0.072168,0.272864,0.421509,0.875160,0.598674,0.360857,0.191928,0.092177,0.032228
466,0.064473,0.239235,0.315387,0.064483,0.418136,0.446226,0.058160,0.380991,0.122967,0.112686,0.095889,0.068319,0.294601,0.084545,0.048096,0.073746,0.270052,0.425602,0.875868,0.598434,0.360530,0.191725,0.092066,0.032212
467,0.064455,0.242258,0.313928,0.064515,0.416256,0.451087,0.058218,0.377864,0.122431,0.110794,0.098026,0.068411,0.291109,0.086241,0.048019,0.075422,0.267230,0.429540,0.876577,0.598188,0.360199,0.191521,0.091954,0.032195
468,0.064440,0.245365,0.312421,0.064549,0.414318,0.455939,0.058280,0.374614,0.121889,0.108951,0.100273,0.068507,0.287536,0.088038,0.047941,0.077192,0.264387,0.433254,0.877285,0.597942,0.359870,0.191319,0.091845,0.032177
469,0.064430,0.248540,0.310862,0.064585,0.412336,0.460740,0.058345,0.371293,0.121344,0.107163,0.102624,0.068607,0.283961,0.089937,0.047863,0.079053,0.261514,0.436673,0.877990,0.597698,0.359547,0.191123,0.091739,0.032158
470,0.064425,0.251763,0.309250,0.064625,0.410325,0.465450,0.058412,0.367950,0.120800,0.105438,0.105075,0.068712,0.280463,0.091938,0.047787,0.081000,0.258600,0.439725,0.878687,0.597463,0.359237,0.190938,0.091637,0.032137
471,0.064423,0.255135,0.307511,0.064667,0.408253,0.470136,0.058485,0.364431,0.120248,0.103765,0.107699,0.068821,0.276909,0.094102,0.047711,0.083101,0.255646,0.442636,0.879376,0.597207,0.358922,0.190750,0.091535,0.032115
472,0.064421,0.258739,0.305603,0.064712,0.406080,0.474880,0.058563,0.360575,0.119681,0.102130,0.110562,0.068933,0.273135,0.096486,0.047633,0.085416,0.252664,0.445621,0.880057,0.596914,0.358584,0.190550,0.091428,0.032091
473,0.064419,0.262530,0.303568,0.064761,0.403811,0.479658,0.058648,0.356421,0.119101,0.100534,0.113648,0.069048,0.269169,0.099082,0.047553,0.087930,0.249659,0.448598,0.880733,0.596596,0.358233,0.190344,0.091319,0.032066
474,0.064417,0.266462,0.301449,0.064813,0.401450,0.484449,0.058739,0.352012,0.118512,0.098975,0.116942,0.069168,0.265039,0.101881,0.047472,0.090632,0.246635,0.451484,0.881409,0.596271,0.357880,0.190137,0.091210,0.032039
475,0.064416,0.270491,0.299292,0.064869,0.398999,0.489229,0.058837,0.347388,0.117919,0.097452,0.120425,0.069295,0.260773,0.104874,0.047391,0.093508,0.243596,0.454198,0.882086,0.595953,0.357532,0.189934,0.091104,0.032012
476,0.064415,0.274570,0.297137,0.064930,0.396463,0.493977,0.058942,0.342592,0.117324,0.095964,0.124084,0.069428,0.256399,0.108052,0.047311,0.096544,0.240547,0.456657,0.882770,0.595657,0.357200,0.189741,0.091004,0.031986
477,0.064414,0.278655,0.295030,0.064997,0.393845,0.498669,0.059054,0.337664,0.116731,0.094511,0.127900,0.069569,0.251945,0.111408,0.047232,0.099727,0.237492,0.458777,0.883462,0.595400,0.356892,0.189565,0.090912,0.031960
478,0.064413,0.282700,0.293014,0.065070,0.391149,0.503283,0.059174,0.332645,0.116144,0.093092,0.131859,0.069719,0.247440,0.114932,0.047156,0.103043,0.234436,0.460478,0.884167,0.595197,0.356619,0.189410,0.090831,0.031934
479,0.064413,0.286659,0.291131,0.065150,0.388379,0.507797,0.059302,0.327576,0.115565,0.091705,0.135943,0.069879,0.242912,0.118615,0.047082,0.106481,0.231383,0.461675,0.884886,0.595062,0.356389,0.189282,0.090764,0.031910
480,0.064412,0.290488,0.289425,0.065238,0.385537,0.512188,0.059437,0.322500,0.115000,0.090350,0.140137,0.070050,0.238388,0.122450,0.047012,0.110025,0.228337,0.462288,0.885625,0.595013,0.356212,0.189188,0.090713,0.031887
481,0.064419,0.294286,0.287847,0.065337,0.382573,0.516543,0.059585,0.317290,0.114444,0.089023,0.144517,0.070232,0.233802,0.126570,0.046945,0.113747,0.225257,0.462568,0.886406,0.595010,0.356066,0.189112,0.090670,0.031866
482,0.064437,0.298158,0.286320,0.065455,0.379446,0.520937,0.059748,0.311829,0.113891,0.087720,0.149158,0.070425,0.229088,0.131090,0.046878,0.117718,0.222113,0.462824,0.887239,0.595008,0.355922,0.189039,0.090630,0.031846
483,0.064465,0.302063,0.284843,0.065590,0.376179,0.525328,0.059927,0.306168,0.113341,0.086442,0.154045,0.070632,0.224270,0.135969,0.046812,0.121929,0.218932,0.463055,0.888108,0.595006,0.355785,0.188970,0.090591,0.031825
484,0.064503,0.305958,0.283418,0.065742,0.372795,0.529672,0.060122,0.300359,0.112796,0.085191,0.159163,0.070855,0.219373,0.141166,0.046747,0.126368,0.215740,0.463258,0.888995,0.595005,0.355657,0.188906,0.090555,0.031806
485,0.064549,0.309801,0.282045,0.065912,0.369317,0.533928,0.060333,0.294452,0.112255,0.083968,0.164497,0.071097,0.214422,0.146640,0.046684,0.131023,0.212561,0.463434,0.889884,0.595003,0.355541,0.188848,0.090522,0.031787
486,0.064602,0.313553,0.280724,0.066100,0.365767,0.538052,0.060562,0.288499,0.111719,0.082774,0.170031,0.071359,0.209442,0.152352,0.046624,0.135886,0.209423,0.463581,0.890758,0.595002,0.355439,0.188798,0.090494,0.031768
487,0.064661,0.317170,0.279456,0.066305,0.362167,0.542001,0.060807,0.282553,0.111187,0.081610,0.175752,0.071645,0.204459,0.158261,0.046566,0.140945,0.206351,0.463697,0.891599,0.595001,0.355355,0.188757,0.090470,0.031750
488,0.064725,0.320611,0.278241,0.066527,0.358541,0.545733,0.061070,0.276664,0.110661,0.080478,0.181643,0.071956,0.199497,0.164326,0.046511,0.146188,0.203370,0.463781,0.892392,0.595001,0.355292,0.188726,0.090453,0.031733
489,0.064792,0.323835,0.277081,0.066767,0.354911,0.549205,0.061351,0.270883,0.110140,0.079378,0.187689,0.072294,0.194581,0.170506,0.046460,0.151606,0.200507,0.463833,0.893119,0.595000,0.355252,0.188707,0.090441,0.031716
490,0.064863,0.326800,0.275975,0.067025,0.351300,0.552375,0.061650,0.265263,0.109625,0.078312,0.193875,0.072663,0.189738,0.176762,0.046413,0.157188,0.197788,0.463850,0.893763,0.595000,0.355237,0.188700,0.090438,0.031700
491,0.064944,0.329646,0.274964,0.067311,0.347630,0.555369,0.061971,0.259712,0.109118,0.077266,0.200255,0.073071,0.184903,0.183300,0.046366,0.162984,0.195180,0.463524,0.894345,0.595004,0.355240,0.188704,0.090439,0.031684
492,0.065045,0.332508,0.274065,0.067640,0.343835,0.558321,0.062320,0.254126,0.108618,0.076227,0.206889,0.073532,0.180019,0.190290,0.046317,0.169055,0.192636,0.462602,0.894899,0.595016,0.355247,0.188715,0.090442,0.031668
493,0.065167,0.335334,0.273245,0.068015,0.339952,0.561197,0.062703,0.248537,0.108125,0.075203,0.213774,0.074053,0.175111,0.197639,0.046268,0.175406,0.190155,0.461167,0.895427,0.595034,0.355258,0.188732,0.090447,0.031652
494,0.065308,0.338075,0.272472,0.068440,0.336018,0.563963,0.063123,0.242975,0.107638,0.074201,0.220904,0.074639,0.170207,0.205251,0.046220,0.182038,0.187737,0.459303,0.895929,0.595058,0.355273,0.188756,0.090454,0.031637
495,0.065468,0.340678,0.271713,0.068919,0.332073,0.566586,0.063588,0.237471,0.107154,0.073228,0.228275,0.075299,0.165333,0.213033,0.046175,0.188956,0.185383,0.457095,0.896407,0.595088,0.355291,0.188784,0.090463,0.031622
496,0.065646,0.343095,0.270935,0.069455,0.328152,0.569031,0.064101,0.232055,0.106672,0.072290,0.235882,0.076038,0.160518,0.220892,0.046134,0.196162,0.183091,0.454624,0.896861,0.595122,0.355313,0.188816,0.090473,0.031608
497,0.065843,0.345273,0.270105,0.070052,0.324294,0.571265,0.064667,0.226760,0.106191,0.071393,0.243722,0.076864,0.155787,0.228732,0.046100,0.203660,0.180863,0.451976,0.897294,0.595160,0.355337,0.188853,0.090485,0.031595
498,0.066057,0.347163,0.269190,0.070715,0.320537,0.573254,0.065292,0.221615,0.105709,0.070546,0.251789,0.077782,0.151168,0.236459,0.046073,0.211453,0.178696,0.449233,0.897707,0.595200,0.355364,0.188891,0.090497,0.031583
499,0.066289,0.348714,0.268158,0.071446,0.316918,0.574965,0.065980,0.216651,0.105225,0.069754,0.260079,0.078800,0.146689,0.243980,0.046056,0.219544,0.176592,0.446480,0.898100,0.595243,0.355394,0.188933,0.090511,0.031572
500,0.066537,0.349875,0.266975,0.072250,0.313475,0.576362,0.066738,0.211900,0.104737,0.069025,0.268587,0.079925,0.142375,0.251200,0.046050,0.227937,0.174550,0.443800,0.898475,0.595287,0.355425,0.188975,0.090525,0.031563
501,0.066842,0.350811,0.265544,0.073267,0.310174,0.577591,0.067667,0.207311,0.104244,0.068342,0.277499,0.081345,0.138178,0.258439,0.046050,0.236815,0.172601,0.441011,0.898829,0.595339,0.355468,0.189026,0.090543,0.031554
502,0.067232,0.351711,0.263820,0.074617,0.306952,0.578798,0.068853,0.202817,0.103745,0.067686,0.286938,0.083224,0.134036,0.265973,0.046052,0.246310,0.170759,0.437900,0.899159,0.595403,0.355531,0.189093,0.090569,0.031545
503,0.067697,0.352561,0.261855,0.076270,0.303806,0.579959,0.070272,0.198424,0.103243,0.067057,0.296813,0.085535,0.129961,0.273645,0.046054,0.256349,0.168999,0.434507,0.899470,0.595478,0.355613,0.189173,0.090601,0.031536
504,0.068224,0.353345,0.259697,0.078197,0.300731,0.581047,0.071900,0.194137,0.102740,0.066456,0.307031,0.088248,0.125965,0.281298,0.046056,0.266861,0.167295,0.430873,0.899766,0.595566,0.355711,0.189264,0.090638,0.031528
505,0.068803,0.354049,0.257395,0.080368,0.297723,0.582038,0.073714,0.189961,0.102238,0.065883,0.317499,0.091335,0.122060,0.288772,0.046060,0.277773,0.165622,0.427035,0.900052,0.595664,0.355823,0.189365,0.090681,0.031521
506,0.069421,0.354658,0.255001,0.082754,0.294778,0.582906,0.075689,0.185902,0.101739,0.065339,0.328124,0.094767,0.118257,0.295910,0.046064,0.289012,0.163953,0.423034,0.900332,0.595773,0.355948,0.189474,0.090727,0.031514
507,0.070067,0.355157,0.252564,0.085325,0.291891,0.583625,0.077801,0.181964,0.101246,0.064824,0.338815,0.098516,0.114568,0.302555,0.046069,0.300507,0.162265,0.418909,0.900610,0.595891,0.356082,0.189589,0.090777,0.031508
508,0.070728,0.355532,0.250132,0.088054,0.289058,0.584171,0.080027,0.178154,0.100762,0.064340,0.349478,0.102553,0.111004,0.308549,0.046075,0.312185,0.160531,0.414700,0.900890,0.596019,0.356224,0.189708,0.090829,0.031504
509,0.071393,0.355768,0.247757,0.090909,0.286275,0.584517,0.082343,0.174477,0.100287,0.063886,0.360020,0.106849,0.107578,0.313733,0.046081,0.323973,0.158726,0.410447,0.901177,0.596155,0.356373,0.189829,0.090883,0.031501
510,0.072050,0.355850,0.245487,0.093863,0.283537,0.584638,0.084725,0.170937,0.099825,0.063463,0.370350,0.111375,0.104300,0.317950,0.046088,0.335800,0.156825,0.406187,0.901475,0.596300,0.356525,0.189950,0.090938,0.031500
511,0.072752,0.355442,0.243121,0.097251,0.280866,0.584593,0.087399,0.167512,0.099366,0.063072,0.380793,0.116668,0.101143,0.321643,0.046105,0.348012,0.154829,0.401853,0.901809,0.596492,0.356708,0.190084,0.091001,0.031503
512,0.073543,0.354291,0.240493,0.101340,0.278274,0.584465,0.090542,0.164175,0.098901,0.062713,0.391627,0.123175,0.098073,0.325305,0.046141,0.360886,0.152764,0.397358,0.902188,0.596757,0.356940,0.190240,0.091080,0.031513
513,0.074396,0.352503,0.237712,0.105989,0.275747,0.584259,0.094058,0.160927,0.098435,0.062378,0.402686,0.130731,0.095089,0.328850,0.046193,0.374247,0.150640,0.392717,0.902593,0.597075,0.357209,0.190412,0.091170,0.031527
514,0.075285,0.350184,0.234883,0.111058,0.273271,0.583983,0.097853,0.157770,0.097974,0.062063,0.413803,0.139172,0.092193,0.332196,0.046256,0.387917,0.148467,0.387944,0.903005,0.597426,0.357503,0.190593,0.091267,0.031544
515,0.076186,0.347442,0.232116,0.116408,0.270831,0.583643,0.101830,0.154707,0.097523,0.061761,0.424813,0.148335,0.089386,0.335258,0.046327,0.401721,0.146255,0.383055,0.903406,0.597790,0.357808,0.190778,0.091366,0.031563
516,0.077072,0.344384,0.229517,0.121900,0.268414,0.583246,0.105894,0.151740,0.097086,0.061466,0.435549,0.158056,0.086668,0.337951,0.046403,0.415482,0.144014,0.378063,0.903777,0.598145,0.358112,0.190960,0.091464,0.031581
517,0.077917,0.341116,0.227193,0.127393,0.266005,0.582799,0.109948,0.148870,0.096670,0.061174,0.445846,0.168170,0.084041,0.340192,0.046481,0.429025,0.141752,0.372985,0.904097,0.598473,0.358402,0.191133,0.091555,0.031598
518,0.078696,0.337746,0.225253,0.132749,0.263591,0.582309,0.113898,0.146099,0.096277,0.060877,0.455537,0.178515,0.081505,0.341898,0.046557,0.442172,0.139481,0.367834,0.904350,0.598753,0.358666,0.191291,0.091636,0.031612
519,0.079382,0.334380,0.223802,0.137827,0.261156,0.581782,0.117647,0.143429,0.095915,0.060571,0.464456,0.188925,0.079062,0.342982,0.046627,0.454747,0.137211,0.362626,0.904516,0.598965,0.358890,0.191428,0.091702,0.031621
520,0.079950,0.331125,0.222950,0.142487,0.258688,0.581225,0.121100,0.140863,0.095588,0.060250,0.472438,0.199238,0.076713,0.343363,0.046687,0.466575,0.134950,0.357375,0.904575,0.599087,0.359063,0.191537,0.091750,0.031625
521,0.080444,0.327582,0.222474,0.147084,0.256136,0.580472,0.124400,0.138365,0.095277,0.059909,0.479879,0.210010,0.074419,0.343206,0.046744,0.478006,0.132595,0.352011,0.904551,0.599157,0.359205,0.191632,0.091786,0.031624
522,0.080921,0.323395,0.222072,0.151962,0.253490,0.579381,0.127729,0.135908,0.094965,0.059552,0.487227,0.221747,0.072156,0.342762,0.046803,0.489437,0.130077,0.346475,0.904484,0.599222,0.359346,0.191726,0.091822,0.031619
523,0.081378,0.318734,0.221733,0.156968,0.250789,0.578000,0.131049,0.133506,0.094659,0.059185,0.494385,0.234203,0.069937,0.342074,0.046863,0.500755,0.127461,0.340803,0.904386,0.599282,0.359483,0.191818,0.091855,0.031613
524,0.081809,0.313771,0.221443,0.161948,0.248074,0.576372,0.134322,0.131171,0.094364,0.058813,0.501258,0.247136,0.067779,0.341180,0.046922,0.511851,0.124809,0.335029,0.904267,0.599336,0.359612,0.191905,0.091887,0.031605
525,0.082210,0.308676,0.221190,0.166752,0.245385,0.574545,0.137511,0.128914,0.094087,0.058444,0.507751,0.260300,0.065696,0.340123,0.046980,0.522613,0.122187,0.329187,0.904138,0.599384,0.359731,0.191986,0.091915,0.031595
526,0.082578,0.303621,0.220960,0.171225,0.242761,0.572562,0.140576,0.126750,0.093832,0.058083,0.513769,0.273452,0.063704,0.338943,0.047035,0.532930,0.119656,0.323313,0.904008,0.599424,0.359835,0.192057,0.091939,0.031584
527,0.082906,0.298776,0.220741,0.175215,0.240243,0.570471,0.143480,0.124690,0.093606,0.057735,0.519215,0.286347,0.061818,0.337681,0.047086,0.542692,0.117283,0.317440,0.903889,0.599456,0.359923,0.192116,0.091959,0.031573
528,0.083191,0.294312,0.220521,0.178570,0.237871,0.568317,0.146186,0.122747,0.093415,0.057408,0.523995,0.298741,0.060054,0.336378,0.047131,0.551788,0.115129,0.311603,0.903791,0.599480,0.359990,0.192161,0.091975,0.031561
529,0.083428,0.290401,0.220287,0.181137,0.235685,0.566144,0.148655,0.120933,0.093266,0.057107,0.528014,0.310390,0.058426,0.335075,0.047169,0.560107,0.113259,0.305836,0.903724,0.599495,0.360033,0.192190,0.091984,0.031549
530,0.083613,0.287212,0.220025,0.182762,0.233725,0.564000,0.150850,0.119262,0.093162,0.056837,0.531175,0.321050,0.056950,0.333813,0.047200,0.567538,0.111738,0.300175,0.903700,0.599500,0.360050,0.192200,0.091987,0.031538
531,0.083755,0.284403,0.219767,0.183836,0.231894,0.561795,0.152780,0.117701,0.093087,0.056578,0.533854,0.331120,0.055578,0.332502,0.047223,0.574296,0.110403,0.294565,0.903710,0.599487,0.360052,0.192194,0.091986,0.031525
532,0.083872,0.281564,0.219544,0.184842,0.230085,0.559422,0.154511,0.116208,0.093015,0.056309,0.536456,0.341102,0.054257,0.331043,0.047242,0.580684,0.109073,0.288940,0.903740,0.599451,0.360054,0.192179,0.091981,0.031511
533,0.083970,0.278773,0.219341,0.185768,0.228321,0.556899,0.156086,0.114783,0.092948,0.056039,0.538934,0.350908,0.052991,0.329456,0.047258,0.586718,0.107781,0.283317,0.903788,0.599397,0.360055,0.192156,0.091973,0.031495
534,0.084055,0.276105,0.219145,0.186606,0.226626,0.554245,0.157549,0.113424,0.092888,0.055776,0.541238,0.360447,0.051787,0.327764,0.047271,0.592416,0.106558,0.277713,0.903852,0.599333,0.360056,0.192127,0.091964,0.031478
535,0.084132,0.273638,0.218942,0.187343,0.225024,0.551479,0.158944,0.112130,0.092834,0.055530,0.543320,0.369630,0.050649,0.325987,0.047284,0.597796,0.105435,0.272142,0.903932,0.599263,0.360056,0.192097,0.091953,0.031461
536,0.084208,0.271448,0.218719,0.187970,0.223538,0.548618,0.160314,0.110901,0.092788,0.055308,0.545132,0.378368,0.049585,0.324148,0.047297,0.602874,0.104446,0.266622,0.904025,0.599192,0.360057,0.192066,0.091941,0.031444
537,0.084288,0.269611,0.218462,0.188476,0.222193,0.545681,0.161704,0.109736,0.092751,0.055121,0.546626,0.386571,0.048600,0.322268,0.047311,0.607669,0.103620,0.261169,0.904129,0.599128,0.360058,0.192037,0.091930,0.031428
538,0.084378,0.268205,0.218158,0.188850,0.221012,0.542687,0.163156,0.108633,0.092723,0.054976,0.547753,0.394149,0.047699,0.320369,0.047328,0.612197,0.102991,0.255800,0.904244,0.599074,0.360059,0.192013,0.091918,0.031412
539,0.084484,0.267305,0.217791,0.189083,0.220019,0.539654,0.164715,0.107592,0.092706,0.054883,0.548465,0.401014,0.046889,0.318472,0.047349,0.616477,0.102591,0.250529,0.904368,0.599038,0.360060,0.191995,0.091908,0.031399
540,0.084612,0.266987,0.217350,0.189163,0.219238,0.536600,0.166425,0.106612,0.092700,0.054850,0.548713,0.407075,0.046175,0.316600,0.047375,0.620525,0.102450,0.245375,0.904500,0.599025,0.360063,0.191988,0.091900,0.031387
541,0.084764,0.267213,0.216467,0.188980,0.218619,0.533499,0.168215,0.105691,0.092705,0.054855,0.548710,0.412507,0.045526,0.314749,0.047412,0.624363,0.102529,0.240314,0.904728,0.599051,0.360081,0.191985,0.091893,0.031377
542,0.084936,0.267828,0.214874,0.188464,0.218088,0.530314,0.170007,0.104823,0.092721,0.054868,0.548701,0.417568,0.044910,0.312893,0.047465,0.628010,0.102746,0.235313,0.905113,0.599123,0.360127,0.191984,0.091887,0.031367
543,0.085128,0.268741,0.212701,0.187667,0.217627,0.527047,0.171827,0.104000,0.092745,0.054888,0.548686,0.422293,0.044329,0.311021,0.047531,0.631479,0.103068,0.230377,0.905613,0.599228,0.360193,0.191983,0.091882,0.031357
544,0.085340,0.269863,0.210079,0.186636,0.217218,0.523699,0.173704,0.103217,0.092778,0.054915,0.548665,0.426716,0.043783,0.309123,0.047610,0.634783,0.103464,0.225507,0.906185,0.599355,0.360273,0.191982,0.091877,0.031347
545,0.085572,0.271100,0.207141,0.185423,0.216844,0.520272,0.175666,0.102469,0.092818,0.054948,0.548639,0.430874,0.043275,0.307187,0.047699,0.637934,0.103900,0.220706,0.906787,0.599494,0.360359,0.191981,0.091872,0.031337
546,0.085824,0.272364,0.204017,0.184077,0.216488,0.516766,0.177741,0.101747,0.092865,0.054985,0.548607,0.434802,0.042808,0.305201,0.047796,0.640946,0.104346,0.215977,0.907375,0.599633,0.360446,0.191981,0.091867,0.031329
547,0.086095,0.273561,0.200838,0.182649,0.216134,0.513185,0.179956,0.101047,0.092918,0.055026,0.548570,0.438534,0.042382,0.303154,0.047900,0.643832,0.104768,0.211323,0.907907,0.599760,0.360525,0.191980,0.091861,0.031322
548,0.086386,0.274602,0.197736,0.181186,0.215762,0.509529,0.182340,0.100362,0.092975,0.055070,0.548527,0.442107,0.042000,0.301035,0.048010,0.646605,0.105135,0.206747,0.908340,0.599865,0.360590,0.191979,0.091855,0.031317
549,0.086696,0.275396,0.194842,0.179741,0.215357,0.505800,0.184920,0.099686,0.093036,0.055116,0.548479,0.445554,0.041664,0.298834,0.048123,0.649277,0.105415,0.202251,0.908631,0.599936,0.360634,0.191977,0.091847,0.031314
550,0.087025,0.275850,0.192288,0.178363,0.214900,0.502000,0.187725,0.099012,0.093100,0.055163,0.548425,0.448912,0.041375,0.296538,0.048238,0.651863,0.105575,0.197837,0.908737,0.599962,0.360650,0.191975,0.091838,0.031313
551,0.087388,0.276078,0.189822,0.176951,0.214406,0.498080,0.190849,0.098335,0.093176,0.055219,0.548164,0.452090,0.041110,0.294103,0.048355,0.654316,0.105655,0.193460,0.908732,0.599926,0.360647,0.191954,0.091821,0.031314
552,0.087799,0.276259,0.187168,0.175394,0.213900,0.494007,0.194358,0.097654,0.093272,0.055293,0.547533,0.455012,0.040847,0.291511,0.048479,0.656607,0.105717,0.189088,0.908717,0.599827,0.360638,0.191903,0.091794,0.031318
553,0.088257,0.276405,0.184420,0.173719,0.213382,0.489806,0.198236,0.096979,0.093391,0.055380,0.546588,0.457740,0.040592,0.288788,0.048612,0.658771,0.105766,0.184747,0.908694,0.599682,0.360626,0.191828,0.091760,0.031325
554,0.088762,0.276525,0.181670,0.171955,0.212849,0.485504,0.202469,0.096314,0.093531,0.055478,0.545386,0.460335,0.040352,0.285959,0.048756,0.660843,0.105807,0.180462,0.908667,0.599505,0.360610,0.191738,0.091722,0.031334
555,0.089311,0.276632,0.179011,0.170131,0.212302,0.481125,0.207041,0.095668,0.093694,0.055583,0.543985,0.462857,0.040132,0.283053,0.048913,0.662859,0.105843,0.176259,0.908637,0.599313,0.360594,0.191641,0.091681,0.031345
556,0.089905,0.276736,0.176535,0.168275,0.211740,0.476696,0.211938,0.095047,0.093880,0.055691,0.542440,0.465366,0.039939,0.280094,0.049085,0.664851,0.105878,0.172165,0.908608,0.599120,0.360577,0.191543,0.091641,0.031359
557,0.090541,0.276847,0.174336,0.166415,0.211162,0.472240,0.217143,0.094458,0.094089,0.055799,0.540810,0.467925,0.039778,0.277109,0.049275,0.666857,0.105917,0.168205,0.908581,0.598943,0.360562,0.191454,0.091606,0.031373
558,0.091220,0.276978,0.172506,0.164580,0.210567,0.467785,0.222643,0.093908,0.094322,0.055903,0.539151,0.470593,0.039655,0.274125,0.049485,0.668910,0.105964,0.164405,0.908558,0.598798,0.360549,0.191381,0.091577,0.031389
559,0.091940,0.277137,0.171138,0.162799,0.209955,0.463355,0.228421,0.093403,0.094580,0.056001,0.537520,0.473431,0.039577,0.271167,0.049718,0.671046,0.106024,0.160790,0.908543,0.598699,0.360541,0.191331,0.091557,0.031407
560,0.092700,0.277338,0.170325,0.161100,0.209325,0.458975,0.234462,0.092950,0.094863,0.056087,0.535975,0.476500,0.039550,0.268263,0.049975,0.673300,0.106100,0.157388,0.908537,0.598662,0.360538,0.191312,0.091550,0.031425
561,0.093546,0.277571,0.169848,0.159454,0.208642,0.454655,0.241037,0.092532,0.095218,0.056173,0.534477,0.479788,0.039555,0.265403,0.050291,0.675681,0.106196,0.154148,0.908697,0.598735,0.360618,0.191338,0.091576,0.031453
562,0.094515,0.277829,0.169423,0.157814,0.207887,0.450373,0.248371,0.092129,0.095696,0.056265,0.532940,0.483234,0.039567,0.262559,0.050693,0.678160,0.106316,0.151006,0.909130,0.598932,0.360837,0.191407,0.091648,0.031496
563,0.095594,0.278120,0.169046,0.156184,0.207082,0.446109,0.256388,0.091743,0.096296,0.056360,0.531352,0.486823,0.039588,0.259718,0.051174,0.680713,0.106461,0.147965,0.909770,0.599221,0.361161,0.191510,0.091753,0.031551
564,0.096771,0.278455,0.168715,0.154567,0.206247,0.441843,0.265011,0.091375,0.097018,0.056454,0.529698,0.490540,0.039614,0.256872,0.051724,0.683317,0.106635,0.145027,0.910551,0.599573,0.361555,0.191634,0.091880,0.031615
565,0.098032,0.278841,0.168426,0.152967,0.205405,0.437554,0.274162,0.091029,0.097863,0.056544,0.527964,0.494371,0.039645,0.254011,0.052336,0.685948,0.106841,0.142195,0.911406,0.599956,0.361985,0.191769,0.092019,0.031683
566,0.099365,0.279289,0.168174,0.151386,0.204576,0.433223,0.283765,0.090705,0.098831,0.056626,0.526137,0.498301,0.039680,0.251125,0.053002,0.688581,0.107082,0.139469,0.912269,0.600339,0.362418,0.191904,0.092158,0.031753
567,0.100756,0.279807,0.167956,0.149828,0.203782,0.428830,0.293742,0.090408,0.099922,0.056697,0.524202,0.502316,0.039718,0.248204,0.053713,0.691195,0.107360,0.136854,0.913073,0.600691,0.362818,0.192028,0.092285,0.031821
568,0.102192,0.280405,0.167770,0.148297,0.203045,0.424354,0.304017,0.090137,0.101136,0.056752,0.522146,0.506402,0.039758,0.245240,0.054462,0.693764,0.107679,0.134350,0.913750,0.600981,0.363153,0.192130,0.092390,0.031883
569,0.103661,0.281091,0.167611,0.146794,0.202385,0.419776,0.314512,0.089896,0.102475,0.056787,0.519954,0.510543,0.039798,0.242220,0.055239,0.696265,0.108041,0.131960,0.914236,0.601178,0.363387,0.192199,0.092461,0.031935
570,0.105150,0.281875,0.167475,0.145325,0.201825,0.415075,0.325150,0.089688,0.103938,0.056800,0.517613,0.514725,0.039837,0.239138,0.056037,0.698675,0.108450,0.129688,0.914462,0.601250,0.363488,0.192225,0.092488,0.031975
571,0.106724,0.283434,0.167364,0.143870,0.201311,0.410228,0.336405,0.089498,0.105899,0.056791,0.515019,0.519035,0.039884,0.235985,0.056878,0.701028,0.109213,0.127504,0.914532,0.601213,0.363508,0.192208,0.092487,0.032007
572,0.108439,0.286317,0.167278,0.142416,0.200787,0.405239,0.348651,0.089316,0.108682,0.056767,0.512105,0.523540,0.039943,0.232768,0.057788,0.703369,0.110592,0.125384,0.914591,0.601110,0.363527,0.192161,0.092487,0.032039
573,0.110267,0.290340,0.167209,0.140971,0.200267,0.400130,0.361662,0.089143,0.112215,0.056733,0.508912,0.528195,0.040011,0.229494,0.058773,0.705689,0.112522,0.123333,0.914642,0.600952,0.363544,0.192087,0.092486,0.032071
574,0.112179,0.295317,0.167152,0.139545,0.199767,0.394925,0.375211,0.088980,0.116421,0.056690,0.505480,0.532956,0.040085,0.226171,0.059835,0.707981,0.114938,0.121354,0.914686,0.600750,0.363558,0.191992,0.092485,0.032100
575,0.114147,0.301065,0.167099,0.138146,0.199302,0.389643,0.389072,0.088830,0.121227,0.056644,0.501848,0.537780,0.040160,0.222805,0.060980,0.710236,0.117774,0.119452,0.914723,0.600515,0.363571,0.191880,0.092484,0.032127
576,0.116142,0.307399,0.167044,0.136784,0.198888,0.384308,0.403019,0.088693,0.126558,0.056598,0.498058,0.542621,0.040234,0.219403,0.062210,0.712445,0.120965,0.117631,0.914755,0.600257,0.363581,0.191755,0.092483,0.032151
577,0.118135,0.314136,0.166981,0.135466,0.198539,0.378942,0.416825,0.088573,0.132341,0.056555,0.494149,0.547435,0.040302,0.215974,0.063529,0.714601,0.124446,0.115896,0.914784,0.599988,0.363589,0.191623,0.092481,0.032172
578,0.120099,0.321090,0.166903,0.134203,0.198270,0.373566,0.430265,0.088470,0.138500,0.056520,0.490162,0.552178,0.040361,0.212523,0.064942,0.716695,0.128152,0.114251,0.914811,0.599719,0.363595,0.191487,0.092479,0.032187
579,0.122006,0.328077,0.166803,0.133003,0.198098,0.368203,0.443111,0.088387,0.144961,0.056496,0.486136,0.556806,0.040407,0.209059,0.066452,0.718718,0.132016,0.112701,0.914836,0.599461,0.363599,0.191353,0.092477,0.032197
580,0.123825,0.334913,0.166675,0.131875,0.198038,0.362875,0.455137,0.088325,0.151650,0.056488,0.482112,0.561275,0.040438,0.205588,0.068062,0.720662,0.135975,0.111250,0.914863,0.599225,0.363600,0.191225,0.092475,0.032200
581,0.125621,0.342123,0.166431,0.130809,0.198126,0.357532,0.466909,0.088277,0.159268,0.056497,0.478006,0.565666,0.040457,0.202076,0.069805,0.722556,0.140440,0.109888,0.914887,0.598993,0.363575,0.191095,0.092457,0.032193
582,0.127460,0.350237,0.166007,0.129786,0.198380,0.352122,0.478988,0.088234,0.168410,0.056526,0.473721,0.570073,0.040473,0.198497,0.071717,0.724427,0.145795,0.108597,0.914907,0.598745,0.363504,0.190954,0.092412,0.032175
583,0.129314,0.359071,0.165431,0.128803,0.198778,0.346668,0.491143,0.088195,0.178845,0.056573,0.469283,0.574468,0.040488,0.194870,0.073814,0.726265,0.151937,0.107370,0.914924,0.598485,0.363396,0.190803,0.092345,0.032147
584,0.131159,0.368445,0.164730,0.127856,0.199303,0.341190,0.503142,0.088160,0.190342,0.056636,0.464717,0.578822,0.040501,0.191211,0.076112,0.728062,0.158759,0.106200,0.914940,0.598218,0.363259,0.190644,0.092261,0.032113
585,0.132969,0.378175,0.163933,0.126941,0.199934,0.335708,0.514754,0.088129,0.202669,0.056715,0.460049,0.583108,0.040512,0.187539,0.078626,0.729806,0.166155,0.105079,0.914955,0.597951,0.363100,0.190478,0.092164,0.032075
586,0.134718,0.388080,0.163068,0.126055,0.200653,0.330243,0.525748,0.088101,0.215594,0.056808,0.455305,0.587297,0.040522,0.183872,0.081372,0.731490,0.174020,0.104001,0.914971,0.597687,0.362927,0.190307,0.092061,0.032036
587,0.136380,0.397978,0.162162,0.125194,0.201439,0.324817,0.535892,0.088076,0.228887,0.056914,0.450508,0.591362,0.040532,0.180228,0.084364,0.733103,0.182249,0.102957,0.914988,0.597432,0.362747,0.190132,0.091955,0.031999
588,0.137930,0.407688,0.161245,0.124355,0.202274,0.319450,0.544955,0.088053,0.242314,0.057033,0.445686,0.595273,0.040542,0.176625,0.087618,0.734636,0.190736,0.101941,0.915009,0.597192,0.362569,0.189955,0.091852,0.031967
589,0.139341,0.417026,0.160344,0.123533,0.203138,0.314162,0.552706,0.088032,0.255646,0.057162,0.440862,0.599004,0.040552,0.173080,0.091150,0.736080,0.199376,0.100945,0.915033,0.596971,0.362401,0.189777,0.091757,0.031941
590,0.140588,0.425812,0.159488,0.122725,0.204013,0.308975,0.558913,0.088012,0.268650,0.057300,0.436063,0.602525,0.040563,0.169612,0.094975,0.737425,0.208063,0.099962,0.915063,0.596775,0.362250,0.189600,0.091675,0.031925
591,0.141729,0.434361,0.158627,0.121932,0.205021,0.303796,0.564264,0.087995,0.281862,0.057508,0.431175,0.605906,0.040573,0.166150,0.099415,0.738697,0.217125,0.098991,0.915102,0.596594,0.362111,0.189418,0.091602,0.031916
592,0.142836,0.443041,0.157707,0.121158,0.206272,0.298551,0.569526,0.087980,0.295831,0.057836,0.426110,0.609223,0.040583,0.162634,0.104739,0.739925,0.226889,0.098035,0.915156,0.596416,0.361972,0.189225,0.091531,0.031908
593,0.143899,0.451748,0.156740,0.120402,0.207727,0.293289,0.574589,0.087966,0.310340,0.058272,0.420928,0.612460,0.040593,0.159102,0.110879,0.741109,0.237243,0.097098,0.915222,0.596243,0.361833,0.189025,0.091462,0.031902
594,0.144911,0.460377,0.155739,0.119664,0.209345,0.288057,0.579340,0.087954,0.325176,0.058802,0.415688,0.615602,0.040602,0.155588,0.117767,0.742245,0.248077,0.096183,0.915300,0.596076,0.361693,0.188820,0.091394,0.031896
595,0.145862,0.468827,0.154719,0.118943,0.211084,0.282906,0.583666,0.087942,0.340124,0.059413,0.410450,0.618632,0.040611,0.152131,0.125338,0.743331,0.259280,0.095292,0.915387,0.595919,0.361552,0.188615,0.091326,0.031891
596,0.146744,0.476992,0.153693,0.118239,0.212905,0.277882,0.587457,0.087931,0.354970,0.060092,0.405275,0.621534,0.040620,0.148766,0.133524,0.744366,0.270742,0.094430,0.915483,0.595772,0.361408,0.188411,0.091259,0.031887
597,0.147548,0.484769,0.152674,0.117552,0.214766,0.273035,0.590600,0.087919,0.369499,0.060824,0.400223,0.624293,0.040630,0.145530,0.142258,0.745346,0.282352,0.093600,0.915586,0.595637,0.361262,0.188212,0.091192,0.031882
598,0.148267,0.492055,0.151677,0.116882,0.216628,0.268413,0.592984,0.087906,0.383496,0.061597,0.395353,0.626893,0.040640,0.142460,0.151472,0.746269,0.293999,0.092803,0.915695,0.595516,0.361112,0.188021,0.091125,0.031876
599,0.148891,0.498746,0.150714,0.116227,0.218448,0.264064,0.594496,0.087892,0.396747,0.062398,0.390725,0.629317,0.040651,0.139592,0.161100,0.747134,0.305573,0.092044,0.915808,0.595412,0.360959,0.187841,0.091057,0.031870
600,0.149413,0.504737,0.149800,0.115587,0.220188,0.260037,0.595025,0.087875,0.409037,0.063213,0.386400,0.631550,0.040662,0.136962,0.171075,0.747938,0.316962,0.091325,0.915925,0.595325,0.360800,0.187675,0.090987,0.031863
601,0.149851,0.510247,0.148905,0.114949,0.221926,0.256215,0.594913,0.087856,0.420755,0.064107,0.382252,0.633643,0.040675,0.134483,0.182089,0.748686,0.328360,0.090626,0.916055,0.595254,0.360636,0.187522,0.090918,0.031854
602,0.150240,0.515549,0.147998,0.114301,0.223752,0.252464,0.594596,0.087835,0.432368,0.065144,0.378140,0.635656,0.040687,0.132053,0.194709,0.749391,0.339987,0.089929,0.916207,0.595195,0.360467,0.187379,0.090849,0.031845
603,0.150587,0.520624,0.147090,0.113654,0.225634,0.248813,0.594108,0.087813,0.443778,0.066305,0.374099,0.637584,0.040699,0.129693,0.208673,0.750058,0.351779,0.089242,0.916377,0.595144,0.360293,0.187244,0.090781,0.031835
604,0.150901,0.525453,0.146192,0.113017,0.227541,0.245288,0.593479,0.087789,0.454890,0.067574,0.370162,0.639424,0.040711,0.127420,0.223724,0.750691,0.363672,0.088576,0.916561,0.595098,0.360115,0.187113,0.090713,0.031825
605,0.151192,0.530018,0.145315,0.112399,0.229442,0.241916,0.592740,0.087763,0.465607,0.068932,0.366366,0.641172,0.040725,0.125256,0.239603,0.751294,0.375601,0.087938,0.916758,0.595056,0.359934,0.186986,0.090644,0.031813
606,0.151466,0.534300,0.144472,0.111810,0.231306,0.238726,0.591924,0.087736,0.475833,0.070361,0.362744,0.642825,0.040740,0.123220,0.256050,0.751873,0.387503,0.087336,0.916962,0.595015,0.359749,0.186861,0.090574,0.031801
607,0.151735,0.538280,0.143672,0.111258,0.233102,0.235743,0.591062,0.087708,0.485471,0.071844,0.359332,0.644377,0.040758,0.121330,0.272806,0.752432,0.399311,0.086781,0.917170,0.594971,0.359561,0.186736,0.090502,0.031787
608,0.152005,0.541940,0.142928,0.110754,0.234800,0.232995,0.590185,0.087677,0.494426,0.073363,0.356164,0.645827,0.040777,0.119607,0.289612,0.752976,0.410963,0.086280,0.917380,0.594922,0.359371,0.186608,0.090429,0.031772
609,0.152287,0.545262,0.142250,0.110307,0.236368,0.230509,0.589324,0.087646,0.502601,0.074900,0.353275,0.647169,0.040800,0.118069,0.306209,0.753509,0.422393,0.085841,0.917587,0.594866,0.359180,0.186476,0.090353,0.031756
610,0.152587,0.548225,0.141650,0.109925,0.237775,0.228313,0.588512,0.087612,0.509900,0.076438,0.350700,0.648400,0.040825,0.116737,0.322337,0.754038,0.433538,0.085475,0.917787,0.594800,0.358988,0.186337,0.090275,0.031738
611,0.152889,0.550922,0.141106,0.109595,0.239042,0.226331,0.587676,0.087572,0.516623,0.078028,0.348353,0.649561,0.040867,0.115555,0.338587,0.754552,0.444536,0.085162,0.918005,0.594724,0.358798,0.186197,0.090191,0.031713
612,0.153170,0.553460,0.140588,0.109292,0.240219,0.224470,0.586740,0.087520,0.523106,0.079721,0.346124,0.650691,0.040933,0.114451,0.355554,0.755045,0.455535,0.084877,0.918257,0.594641,0.358613,0.186059,0.090101,0.031678
613,0.153441,0.555845,0.140096,0.109014,0.241322,0.222723,0.585731,0.087460,0.529311,0.081498,0.344013,0.651778,0.041019,0.113421,0.372996,0.755520,0.466484,0.084616,0.918528,0.594549,0.358430,0.185921,0.090006,0.031635
614,0.153707,0.558080,0.139631,0.108757,0.242366,0.221084,0.584675,0.087397,0.535196,0.083339,0.342020,0.652814,0.041118,0.112462,0.390669,0.755980,0.477330,0.084377,0.918806,0.594449,0.358245,0.185782,0.089909,0.031588
615,0.153979,0.560171,0.139194,0.108516,0.243369,0.219550,0.583600,0.087333,0.540720,0.085224,0.340146,0.653789,0.041224,0.111570,0.408329,0.756431,0.488021,0.084155,0.919077,0.594340,0.358055,0.185640,0.089810,0.031538
616,0.154263,0.562123,0.138783,0.108289,0.244345,0.218114,0.582533,0.087272,0.545843,0.087135,0.338390,0.654693,0.041332,0.110740,0.425731,0.756876,0.498503,0.083948,0.919329,0.594222,0.357858,0.185494,0.089712,0.031489
617,0.154568,0.563940,0.138399,0.108071,0.245310,0.216771,0.581499,0.087219,0.550525,0.089051,0.336752,0.655517,0.041436,0.109970,0.442632,0.757319,0.508724,0.083752,0.919548,0.594094,0.357649,0.185340,0.089617,0.031443
618,0.154901,0.565629,0.138043,0.107859,0.246280,0.215517,0.580527,0.087176,0.554724,0.090953,0.335233,0.656252,0.041529,0.109255,0.458787,0.757764,0.518632,0.083564,0.919721,0.593957,0.357426,0.185179,0.089526,0.031403
619,0.155272,0.567193,0.137714,0.107649,0.247272,0.214345,0.579644,0.087148,0.558400,0.092822,0.333832,0.656887,0.041607,0.108591,0.473954,0.758214,0.528175,0.083381,0.919834,0.593809,0.357186,0.185008,0.089440,0.031371
620,0.155688,0.568638,0.137412,0.107438,0.248300,0.213250,0.578875,0.087138,0.561512,0.094637,0.332550,0.657412,0.041662,0.107975,0.487887,0.758675,0.537300,0.083200,0.919875,0.593650,0.356925,0.184825,0.089362,0.031350
621,0.156182,0.569975,0.137132,0.107222,0.249318,0.212225,0.578190,0.087148,0.564252,0.096409,0.331365,0.657854,0.041704,0.107400,0.501039,0.759143,0.546159,0.083023,0.919875,0.593468,0.356630,0.184626,0.089294,0.031337
622,0.156774,0.571221,0.136867,0.107004,0.250285,0.211261,0.577537,0.087179,0.566831,0.098160,0.330252,0.658247,0.041742,0.106861,0.513960,0.759613,0.554907,0.082855,0.919874,0.593252,0.356294,0.184410,0.089235,0.031327
623,0.157449,0.572387,0.136616,0.106788,0.251221,0.210352,0.576917,0.087228,0.569244,0.099898,0.329206,0.658599,0.041778,0.106355,0.526561,0.760085,0.563497,0.082694,0.919873,0.593008,0.355924,0.184179,0.089181,0.031319
624,0.158194,0.573481,0.136378,0.106576,0.252150,0.209495,0.576327,0.087293,0.571482,0.101627,0.328221,0.658919,0.041811,0.105879,0.538750,0.760557,0.571881,0.082539,0.919871,0.592737,0.355526,0.183934,0.089130,0.031312
625,0.158993,0.574516,0.136155,0.106371,0.253094,0.208682,0.575765,0.087372,0.573540,0.103352,0.327294,0.659213,0.041841,0.105430,0.550436,0.761030,0.580012,0.082390,0.919869,0.592444,0.355106,0.183678,0.089080,0.031305
626,0.159833,0.575499,0.135945,0.106177,0.254075,0.207908,0.575232,0.087463,0.575411,0.105079,0.326418,0.659490,0.041869,0.105005,0.561529,0.761502,0.587841,0.082246,0.919866,0.592132,0.354673,0.183413,0.089029,0.031299
627,0.160699,0.576443,0.135749,0.105996,0.255115,0.207169,0.574725,0.087565,0.577088,0.106812,0.325588,0.659757,0.041893,0.104601,0.571936,0.761973,0.595321,0.082104,0.919863,0.591806,0.354231,0.183140,0.088972,0.031292
628,0.161577,0.577357,0.135566,0.105831,0.256236,0.206458,0.574244,0.087675,0.578564,0.108556,0.324800,0.660021,0.041915,0.104215,0.581567,0.762443,0.602403,0.081965,0.919859,0.591469,0.353788,0.182863,0.088909,0.031284
629,0.162453,0.578252,0.135395,0.105686,0.257461,0.205770,0.573786,0.087791,0.579833,0.110317,0.324047,0.660291,0.041934,0.103845,0.590332,0.762910,0.609042,0.081826,0.919855,0.591124,0.353351,0.182582,0.088836,0.031275
630,0.163312,0.579137,0.135238,0.105563,0.258813,0.205100,0.573350,0.087913,0.580888,0.112100,0.323325,0.660575,0.041950,0.103487,0.598137,0.763375,0.615187,0.081687,0.919850,0.590775,0.352925,0.182300,0.088750,0.031262
631,0.164183,0.580000,0.135082,0.105451,0.260348,0.204449,0.572923,0.088058,0.581805,0.113875,0.322627,0.660861,0.041964,0.103135,0.605248,0.763832,0.620983,0.081539,0.919816,0.590395,0.352499,0.182007,0.088635,0.031246
632,0.165096,0.580822,0.134923,0.105339,0.262094,0.203822,0.572497,0.088248,0.582665,0.115619,0.321950,0.661134,0.041975,0.102786,0.611989,0.764280,0.626590,0.081376,0.919732,0.589963,0.352057,0.181694,0.088482,0.031226
633,0.166042,0.581610,0.134764,0.105229,0.264028,0.203218,0.572077,0.088477,0.583465,0.117351,0.321297,0.661399,0.041985,0.102444,0.618359,0.764723,0.631990,0.081206,0.919611,0.589493,0.351606,0.181367,0.088298,0.031201
634,0.167013,0.582373,0.134610,0.105126,0.266124,0.202634,0.571671,0.088742,0.584202,0.119088,0.320670,0.661658,0.041994,0.102112,0.624360,0.765163,0.637164,0.081036,0.919465,0.589000,0.351149,0.181030,0.088093,0.031173
635,0.167998,0.583116,0.134467,0.105030,0.268358,0.202071,0.571286,0.089038,0.584873,0.120846,0.320071,0.661916,0.042002,0.101796,0.629994,0.765603,0.642096,0.080873,0.919306,0.588496,0.350692,0.180690,0.087873,0.031142
636,0.168988,0.583846,0.134339,0.104946,0.270707,0.201526,0.570928,0.089362,0.585476,0.122644,0.319502,0.662176,0.042010,0.101500,0.635259,0.766048,0.646765,0.080723,0.919149,0.587997,0.350239,0.180351,0.087647,0.031109
637,0.169976,0.584570,0.134231,0.104875,0.273146,0.200999,0.570603,0.089709,0.586006,0.124498,0.318966,0.662441,0.042018,0.101226,0.640158,0.766501,0.651155,0.080594,0.919004,0.587517,0.349794,0.180019,0.087424,0.031073
638,0.170950,0.585295,0.134147,0.104821,0.275651,0.200489,0.570319,0.090075,0.586462,0.126427,0.318465,0.662714,0.042027,0.100981,0.644691,0.766964,0.655247,0.080493,0.918885,0.587068,0.349364,0.179698,0.087211,0.031037
639,0.171903,0.586028,0.134094,0.104787,0.278198,0.199994,0.570083,0.090457,0.586840,0.128447,0.318000,0.662999,0.042038,0.100766,0.648859,0.767442,0.659022,0.080426,0.918805,0.586666,0.348951,0.179394,0.087017,0.031000
640,0.172825,0.586775,0.134075,0.104775,0.280763,0.199513,0.569900,0.090850,0.587137,0.130575,0.317575,0.663300,0.042050,0.100587,0.652663,0.767938,0.662462,0.080400,0.918775,0.586325,0.348562,0.179113,0.086850,0.030963
641,0.173732,0.587517,0.134093,0.104780,0.283427,0.199013,0.569748,0.091277,0.587376,0.132821,0.317160,0.663613,0.042063,0.100428,0.656182,0.768463,0.665640,0.080398,0.918795,0.586025,0.348192,0.178849,0.086702,0.030921
642,0.174641,0.588235,0.134146,0.104794,0.286268,0.198476,0.569601,0.091761,0.587584,0.135178,0.316732,0.663932,0.042077,0.100269,0.659502,0.769023,0.668644,0.080396,0.918852,0.585738,0.347830,0.178594,0.086558,0.030872
643,0.175549,0.588939,0.134228,0.104818,0.289255,0.197924,0.569461,0.092296,0.587765,0.137641,0.316305,0.664260,0.042092,0.100115,0.662630,0.769608,0.671482,0.080394,0.918938,0.585465,0.347479,0.178348,0.086419,0.030819
644,0.176449,0.589638,0.134337,0.104849,0.292357,0.197377,0.569331,0.092876,0.587925,0.140205,0.315892,0.664596,0.042108,0.099971,0.665574,0.770207,0.674163,0.080392,0.919048,0.585207,0.347136,0.178110,0.086286,0.030762
645,0.177338,0.590343,0.134469,0.104887,0.295541,0.196857,0.569214,0.093496,0.588070,0.142864,0.315506,0.664944,0.042126,0.099838,0.668341,0.770813,0.676695,0.080391,0.919174,0.584963,0.346802,0.177878,0.086157,0.030705
646,0.178209,0.591062,0.134619,0.104932,0.298778,0.196384,0.569113,0.094149,0.588205,0.145614,0.315161,0.665304,0.042145,0.099722,0.670937,0.771416,0.679088,0.080390,0.919311,0.584735,0.346478,0.177652,0.086034,0.030648
647,0.179059,0.591805,0.134783,0.104983,0.302034,0.195979,0.569029,0.094830,0.588335,0.148449,0.314870,0.665676,0.042167,0.099625,0.673372,0.772005,0.681348,0.080389,0.919453,0.584523,0.346161,0.177431,0.085917,0.030595
648,0.179881,0.592582,0.134958,0.105039,0.305280,0.195665,0.568966,0.095534,0.588465,0.151364,0.314645,0.666064,0.042191,0.099551,0.675651,0.772572,0.683486,0.080388,0.919592,0.584327,0.345854,0.177214,0.085805,0.030547
649,0.180672,0.593402,0.135140,0.105099,0.308483,0.195460,0.568926,0.096255,0.588602,0.154353,0.314501,0.666467,0.042219,0.099504,0.677783,0.773106,0.685509,0.080388,0.919722,0.584148,0.345554,0.177000,0.085700,0.030506
650,0.181425,0.594275,0.135325,0.105163,0.311613,0.195387,0.568913,0.096988,0.588750,0.157413,0.314450,0.666887,0.042250,0.099488,0.679775,0.773600,0.687425,0.080388,0.919837,0.583987,0.345263,0.176787,0.085600,0.030475
651,0.182194,0.595207,0.135564,0.105263,0.314790,0.195422,0.569073,0.097742,0.588917,0.160602,0.314550,0.667341,0.042295,0.099514,0.681663,0.774069,0.689237,0.080407,0.919952,0.583842,0.344978,0.176577,0.085506,0.030449
652,0.183014,0.596193,0.135893,0.105426,0.318115,0.195522,0.569530,0.098534,0.589103,0.163968,0.314836,0.667837,0.042361,0.099591,0.683474,0.774535,0.690948,0.080463,0.920082,0.583707,0.344701,0.176369,0.085415,0.030424
653,0.183855,0.597231,0.136288,0.105636,0.321525,0.195680,0.570242,0.099363,0.589299,0.167482,0.315284,0.668365,0.042444,0.099713,0.685204,0.774992,0.692570,0.080547,0.920220,0.583582,0.344430,0.176164,0.085329,0.030399
654,0.184687,0.598316,0.136727,0.105879,0.324955,0.195892,0.571170,0.100229,0.589497,0.171117,0.315872,0.668918,0.042540,0.099874,0.686850,0.775437,0.694112,0.080653,0.920359,0.583466,0.344165,0.175962,0.085246,0.030376
655,0.185481,0.599445,0.137183,0.106140,0.328343,0.196150,0.572274,0.101131,0.589688,0.174844,0.316577,0.669486,0.042645,0.100070,0.688406,0.775865,0.695587,0.080776,0.920495,0.583356,0.343907,0.175764,0.085166,0.030355
656,0.186205,0.600614,0.137633,0.106405,0.331623,0.196449,0.573515,0.102069,0.589864,0.178635,0.317376,0.670060,0.042755,0.100295,0.689868,0.776273,0.697005,0.080907,0.920619,0.583252,0.343656,0.175570,0.085090,0.030337
657,0.186831,0.601818,0.138052,0.106659,0.334733,0.196782,0.574853,0.103043,0.590017,0.182463,0.318247,0.670631,0.042866,0.100545,0.691231,0.776656,0.698376,0.081042,0.920727,0.583152,0.343410,0.175382,0.085017,0.030322
658,0.187327,0.603056,0.138418,0.106888,0.337608,0.197143,0.576247,0.104052,0.590137,0.186300,0.319167,0.671190,0.042974,0.100814,0.692492,0.777010,0.699713,0.081174,0.920812,0.583055,0.343172,0.175198,0.084946,0.030310
659,0.187664,0.604322,0.138704,0.107078,0.340185,0.197526,0.577660,0.105096,0.590218,0.190117,0.320113,0.671729,0.043074,0.101096,0.693646,0.777330,0.701026,0.081295,0.920868,0.582959,0.342939,0.175021,0.084878,0.030303
660,0.187812,0.605612,0.138887,0.107213,0.342400,0.197925,0.579050,0.106175,0.590250,0.193887,0.321062,0.672238,0.043162,0.101388,0.694688,0.777613,0.702325,0.081400,0.920887,0.582862,0.342712,0.174850,0.084812,0.030300
661,0.187854,0.606935,0.139009,0.107315,0.344449,0.198429,0.580528,0.107300,0.590254,0.197659,0.322119,0.672712,0.043246,0.101738,0.695623,0.777854,0.703593,0.081501,0.920868,0.582763,0.342491,0.174684,0.084748,0.030301
662,0.187892,0.608298,0.139124,0.107416,0.346531,0.199113,0.582211,0.108480,0.590257,0.201489,0.323384,0.673159,0.043334,0.102192,0.696470,0.778059,0.704811,0.081613,0.920816,0.582660,0.342274,0.174522,0.084686,0.030303
663,0.187925,0.609704,0.139232,0.107512,0.348588,0.199952,0.584075,0.109716,0.590260,0.205361,0.324827,0.673587,0.043422,0.102736,0.697245,0.778237,0.705987,0.081731,0.920739,0.582556,0.342062,0.174364,0.084625,0.030306
664,0.187954,0.611156,0.139330,0.107603,0.350561,0.200918,0.586093,0.111004,0.590261,0.209256,0.326420,0.674004,0.043509,0.103356,0.697966,0.778399,0.707130,0.081849,0.920646,0.582453,0.341855,0.174210,0.084566,0.030311
665,0.187979,0.612653,0.139417,0.107685,0.352391,0.201987,0.588239,0.112343,0.590263,0.213160,0.328135,0.674420,0.043594,0.104037,0.698647,0.778554,0.708250,0.081962,0.920544,0.582355,0.341652,0.174060,0.084509,0.030316
666,0.188000,0.614199,0.139492,0.107757,0.354020,0.203132,0.590487,0.113733,0.590264,0.217054,0.329943,0.674843,0.043673,0.104766,0.699305,0.778712,0.709354,0.082066,0.920442,0.582263,0.341455,0.173914,0.084454,0.030322
667,0.188016,0.615795,0.139554,0.107816,0.355389,0.204327,0.592810,0.115171,0.590266,0.220922,0.331814,0.675281,0.043746,0.105528,0.699957,0.778882,0.710452,0.082155,0.920349,0.582180,0.341264,0.173772,0.084402,0.030329
668,0.188028,0.617443,0.139599,0.107861,0.356439,0.205545,0.595184,0.116657,0.590268,0.224746,0.333721,0.675743,0.043809,0.106310,0.700619,0.779074,0.711553,0.082225,0.920272,0.582109,0.341078,0.173635,0.084353,0.030336
669,0.188035,0.619144,0.139628,0.107890,0.357113,0.206762,0.597581,0.118188,0.590271,0.228512,0.335634,0.676239,0.043861,0.107097,0.701307,0.779297,0.712666,0.082271,0.920219,0.582052,0.340898,0.173503,0.084306,0.030343
670,0.188037,0.620900,0.139637,0.107900,0.357350,0.207950,0.599975,0.119762,0.590275,0.232200,0.337525,0.676775,0.043900,0.107875,0.702037,0.779563,0.713800,0.082287,0.920200,0.582013,0.340725,0.173375,0.084263,0.030350
671,0.187944,0.622737,0.139598,0.107877,0.357309,0.209163,0.602447,0.121390,0.590290,0.235845,0.339459,0.677367,0.043929,0.108676,0.702792,0.779895,0.714943,0.082286,0.920247,0.581985,0.340560,0.173252,0.084220,0.030357
672,0.187684,0.624671,0.139484,0.107811,0.357192,0.210461,0.605073,0.123082,0.590323,0.239485,0.341504,0.678018,0.043953,0.109535,0.703543,0.780307,0.716080,0.082282,0.920379,0.581963,0.340404,0.173133,0.084176,0.030366
673,0.187285,0.626691,0.139308,0.107708,0.357006,0.211827,0.607819,0.124839,0.590368,0.243106,0.343639,0.678715,0.043973,0.110441,0.704294,0.780787,0.717213,0.082274,0.920583,0.581946,0.340254,0.173018,0.084132,0.030375
674,0.186774,0.628787,0.139078,0.107577,0.356760,0.213243,0.610654,0.126663,0.590423,0.246698,0.345840,0.679451,0.043991,0.111386,0.705049,0.781325,0.718345,0.082265,0.920844,0.581931,0.340110,0.172906,0.084090,0.030384
675,0.186181,0.630947,0.138805,0.107422,0.356462,0.214694,0.613544,0.128555,0.590481,0.250247,0.348085,0.680214,0.044008,0.112359,0.705811,0.781909,0.719479,0.082253,0.921149,0.581918,0.339968,0.172798,0.084050,0.030395
676,0.185534,0.633160,0.138498,0.107250,0.356119,0.216161,0.616458,0.130519,0.590539,0.253743,0.350352,0.680995,0.044023,0.113352,0.706584,0.782529,0.720617,0.082238,0.921485,0.581905,0.339828,0.172692,0.084013,0.030407
677,0.184860,0.635415,0.138168,0.107068,0.355739,0.217629,0.619361,0.132555,0.590592,0.257173,0.352616,0.681782,0.044039,0.114354,0.707370,0.783175,0.721761,0.082222,0.921838,0.581891,0.339686,0.172588,0.083981,0.030419
678,0.184188,0.637702,0.137825,0.106882,0.355331,0.219079,0.622222,0.134664,0.590635,0.260526,0.354857,0.682567,0.044057,0.115357,0.708175,0.783834,0.722916,0.082204,0.922194,0.581873,0.339542,0.172487,0.083955,0.030433
679,0.183546,0.640009,0.137478,0.106699,0.354903,0.220496,0.625009,0.136850,0.590664,0.263789,0.357051,0.683339,0.044077,0.116350,0.709000,0.784496,0.724082,0.082184,0.922540,0.581852,0.339393,0.172386,0.083936,0.030447
680,0.182963,0.642325,0.137137,0.106525,0.354463,0.221862,0.627687,0.139113,0.590675,0.266950,0.359175,0.684087,0.044100,0.117325,0.709850,0.785150,0.725263,0.082162,0.922863,0.581825,0.339238,0.172288,0.083925,0.030462
681,0.182356,0.644673,0.136771,0.106350,0.353859,0.223201,0.630312,0.141478,0.590672,0.270078,0.361269,0.684827,0.044125,0.118296,0.710743,0.785823,0.726456,0.082125,0.923188,0.581786,0.339075,0.172190,0.083918,0.030479
682,0.181652,0.647080,0.136346,0.106160,0.352986,0.224543,0.632945,0.143964,0.590663,0.273226,0.363378,0.685577,0.044149,0.119282,0.711686,0.786544,0.727659,0.082061,0.923547,0.581733,0.338909,0.172095,0.083912,0.030497
683,0.180889,0.649537,0.135873,0.105958,0.351914,0.225882,0.635572,0.146567,0.590651,0.276360,0.365490,0.686332,0.044175,0.120278,0.712667,0.787302,0.728871,0.081975,0.923930,0.581666,0.338739,0.172001,0.083907,0.030517
684,0.180105,0.652037,0.135362,0.105747,0.350714,0.227212,0.638176,0.149279,0.590635,0.279446,0.367590,0.687089,0.044201,0.121279,0.713672,0.788087,0.730092,0.081874,0.924326,0.581590,0.338566,0.171910,0.083902,0.030539
685,0.179337,0.654574,0.134826,0.105527,0.349458,0.228528,0.640741,0.152095,0.590619,0.282450,0.369666,0.687844,0.044231,0.122280,0.714689,0.788889,0.731322,0.081761,0.924726,0.581505,0.338392,0.171819,0.083898,0.030563
686,0.178624,0.657140,0.134273,0.105302,0.348218,0.229825,0.643252,0.155010,0.590602,0.285337,0.371705,0.688592,0.044264,0.123277,0.715704,0.789700,0.732562,0.081643,0.925121,0.581415,0.338216,0.171731,0.083894,0.030590
687,0.178003,0.659728,0.133716,0.105073,0.347064,0.231096,0.645691,0.158015,0.590587,0.288073,0.373694,0.689331,0.044301,0.124265,0.716706,0.790508,0.733810,0.081525,0.925501,0.581322,0.338039,0.171643,0.083891,0.030619
688,0.177513,0.662330,0.133166,0.104843,0.346069,0.232336,0.648044,0.161107,0.590574,0.290625,0.375619,0.690057,0.044344,0.125238,0.717681,0.791305,0.735068,0.081413,0.925855,0.581229,0.337862,0.171557,0.083889,0.030651
689,0.177191,0.664940,0.132631,0.104614,0.345303,0.233539,0.650294,0.164279,0.590566,0.292958,0.377467,0.690764,0.044393,0.126193,0.718617,0.792081,0.736336,0.081311,0.926175,0.581137,0.337687,0.171472,0.083888,0.030687
690,0.177075,0.667550,0.132125,0.104387,0.344838,0.234700,0.652425,0.167525,0.590562,0.295038,0.379225,0.691450,0.044450,0.127125,0.719500,0.792825,0.737613,0.081225,0.926450,0.581050,0.337512,0.171387,0.083888,0.030725
691,0.177077,0.670192,0.131632,0.104152,0.344554,0.235854,0.654517,0.170871,0.590569,0.296943,0.380941,0.692128,0.044537,0.128076,0.720359,0.793561,0.738929,0.081146,0.926690,0.580962,0.337335,0.171304,0.083888,0.030775
692,0.177082,0.672890,0.131132,0.103898,0.344287,0.237029,0.656637,0.174346,0.590588,0.298770,0.382660,0.692810,0.044671,0.129076,0.721224,0.794313,0.740302,0.081062,0.926912,0.580866,0.337152,0.171221,0.083890,0.030843
693,0.177091,0.675628,0.130630,0.103632,0.344040,0.238205,0.658748,0.177945,0.590618,0.300514,0.384361,0.693489,0.044848,0.130099,0.722085,0.795071,0.741711,0.080976,0.927119,0.580766,0.336965,0.171139,0.083894,0.030925
694,0.177104,0.678391,0.130128,0.103362,0.343816,0.239364,0.660813,0.181666,0.590659,0.302169,0.386024,0.694160,0.045061,0.131120,0.722931,0.795825,0.743138,0.080891,0.927313,0.580664,0.336776,0.171058,0.083899,0.031018
695,0.177120,0.681160,0.129632,0.103094,0.343618,0.240487,0.662794,0.185505,0.590708,0.303728,0.387630,0.694816,0.045305,0.132112,0.723753,0.796564,0.744561,0.080811,0.927498,0.580562,0.336590,0.170979,0.083905,0.031117
696,0.177139,0.683920,0.129144,0.102835,0.343449,0.241556,0.664656,0.189458,0.590765,0.305185,0.389160,0.695452,0.045575,0.133052,0.724540,0.797279,0.745960,0.080739,0.927675,0.580462,0.336407,0.170900,0.083912,0.031218
697,0.177162,0.686655,0.128668,0.102593,0.343312,0.242552,0.666360,0.193521,0.590829,0.306535,0.390592,0.696061,0.045865,0.133912,0.725282,0.797960,0.747317,0.080677,0.927847,0.580366,0.336232,0.170823,0.083920,0.031318
698,0.177188,0.689347,0.128208,0.102375,0.343210,0.243456,0.667871,0.197691,0.590899,0.307770,0.391908,0.696636,0.046170,0.134667,0.725969,0.798597,0.748609,0.080630,0.928018,0.580276,0.336067,0.170747,0.083930,0.031414
699,0.177218,0.691980,0.127768,0.102188,0.343147,0.244249,0.669151,0.201964,0.590973,0.308886,0.393088,0.697172,0.046483,0.135293,0.726591,0.799181,0.749819,0.080599,0.928188,0.580195,0.335913,0.170673,0.083939,0.031501
700,0.177250,0.694538,0.127350,0.102038,0.343125,0.244913,0.670162,0.206338,0.591050,0.309875,0.394112,0.697662,0.046800,0.135763,0.727137,0.799700,0.750925,0.080588,0.928362,0.580125,0.335775,0.170600,0.083950,0.031575
701,0.177390,0.697136,0.126924,0.101908,0.343254,0.245509,0.671024,0.210879,0.591171,0.310736,0.395066,0.698144,0.047141,0.136142,0.727652,0.800197,0.752015,0.080605,0.928551,0.580066,0.335651,0.170523,0.083971,0.031639
702,0.177717,0.699860,0.126467,0.101780,0.343617,0.246105,0.671866,0.215638,0.591363,0.311488,0.396029,0.698646,0.047527,0.136509,0.728177,0.800709,0.753164,0.080654,0.928759,0.580017,0.335537,0.170439,0.084010,0.031700
703,0.178199,0.702640,0.125996,0.101656,0.344177,0.246686,0.672672,0.220583,0.591606,0.312155,0.396976,0.699152,0.047954,0.136858,0.728696,0.801219,0.754331,0.080733,0.928976,0.579973,0.335431,0.170351,0.084061,0.031757
704,0.178801,0.705410,0.125531,0.101540,0.344896,0.247236,0.673424,0.225682,0.591880,0.312763,0.397881,0.699644,0.048415,0.137181,0.729194,0.801713,0.755474,0.080839,0.929193,0.579933,0.335332,0.170263,0.084120,0.031811
705,0.179487,0.708104,0.125088,0.101433,0.345738,0.247741,0.674107,0.230902,0.592167,0.313337,0.398718,0.700107,0.048908,0.137473,0.729656,0.802174,0.756553,0.080968,0.929402,0.579895,0.335236,0.170179,0.084182,0.031863
706,0.180225,0.710654,0.124685,0.101339,0.346664,0.248187,0.674703,0.236213,0.592446,0.313903,0.399461,0.700523,0.049425,0.137726,0.730069,0.802587,0.757528,0.081117,0.929593,0.579856,0.335141,0.170102,0.084244,0.031915
707,0.180980,0.712993,0.124341,0.101261,0.347638,0.248559,0.675196,0.241581,0.592697,0.314485,0.400085,0.700876,0.049963,0.137935,0.730415,0.802935,0.758357,0.081285,0.929757,0.579813,0.335046,0.170035,0.084300,0.031966
708,0.181716,0.715054,0.124073,0.101201,0.348623,0.248843,0.675569,0.246975,0.592901,0.315110,0.400562,0.701149,0.050517,0.138092,0.730681,0.803204,0.758999,0.081467,0.929886,0.579764,0.334949,0.169983,0.084346,0.032017
709,0.182401,0.716771,0.123899,0.101163,0.349581,0.249024,0.675805,0.252363,0.593038,0.315803,0.400867,0.701325,0.051081,0.138191,0.730852,0.803376,0.759415,0.081660,0.929970,0.579706,0.334847,0.169950,0.084376,0.032070
710,0.183000,0.718075,0.123838,0.101150,0.350475,0.249087,0.675887,0.257713,0.593087,0.316588,0.400975,0.701388,0.051650,0.138225,0.730912,0.803438,0.759563,0.081862,0.930000,0.579638,0.334738,0.169937,0.084388,0.032125
711,0.183529,0.719142,0.123902,0.101189,0.351367,0.249048,0.675652,0.263104,0.592996,0.317446,0.400856,0.701320,0.052227,0.138214,0.730857,0.803349,0.759517,0.082105,0.929973,0.579558,0.334629,0.169938,0.084375,0.032178
712,0.184035,0.720178,0.124088,0.101301,0.352331,0.248941,0.674983,0.268614,0.592732,0.318345,0.400520,0.701126,0.052818,0.138186,0.730697,0.803094,0.759383,0.082420,0.929893,0.579466,0.334529,0.169939,0.084341,0.032225
713,0.184524,0.721163,0.124381,0.101476,0.353350,0.248782,0.673940,0.274209,0.592315,0.319291,0.400001,0.700813,0.053429,0.138144,0.730438,0.802685,0.759168,0.082803,0.929763,0.579361,0.334432,0.169941,0.084290,0.032269
714,0.185005,0.722080,0.124769,0.101703,0.354406,0.248590,0.672581,0.279855,0.591760,0.320292,0.399332,0.700393,0.054062,0.138093,0.730087,0.802138,0.758876,0.083253,0.929586,0.579239,0.334334,0.169943,0.084229,0.032312
715,0.185486,0.722908,0.125239,0.101973,0.355482,0.248381,0.670963,0.285517,0.591085,0.321353,0.398545,0.699874,0.054723,0.138038,0.729651,0.801466,0.758513,0.083766,0.929363,0.579098,0.334231,0.169946,0.084163,0.032357
716,0.185974,0.723628,0.125777,0.102276,0.356560,0.248172,0.669145,0.291161,0.590308,0.322482,0.397675,0.699268,0.055415,0.137982,0.729136,0.800683,0.758085,0.084340,0.929098,0.578936,0.334119,0.169949,0.084096,0.032407
717,0.186478,0.724221,0.126372,0.102603,0.357624,0.247980,0.667186,0.296753,0.589447,0.323684,0.396753,0.698584,0.056142,0.137931,0.728549,0.799803,0.757598,0.084972,0.928793,0.578750,0.333992,0.169952,0.084035,0.032464
718,0.187005,0.724669,0.127010,0.102943,0.358655,0.247822,0.665142,0.302259,0.588517,0.324967,0.395813,0.697832,0.056909,0.137889,0.727897,0.798841,0.757057,0.085659,0.928451,0.578538,0.333848,0.169956,0.083984,0.032530
719,0.187564,0.724952,0.127678,0.103287,0.359636,0.247715,0.663074,0.307644,0.587538,0.326337,0.394889,0.697021,0.057718,0.137860,0.727187,0.797810,0.756469,0.086399,0.928073,0.578297,0.333681,0.169959,0.083950,0.032608
720,0.188163,0.725050,0.128362,0.103625,0.360550,0.247675,0.661037,0.312875,0.586525,0.327800,0.394012,0.696163,0.058575,0.137850,0.726425,0.796725,0.755838,0.087188,0.927662,0.578025,0.333487,0.169962,0.083937,0.032700
721,0.188801,0.724829,0.129151,0.103978,0.361416,0.247693,0.658906,0.317986,0.585330,0.329412,0.393146,0.695024,0.059496,0.137850,0.725312,0.795338,0.754923,0.088119,0.926962,0.577585,0.333223,0.169966,0.083937,0.032841
722,0.189475,0.724187,0.130126,0.104371,0.362263,0.247746,0.656524,0.323036,0.583810,0.331215,0.392229,0.693399,0.060494,0.137850,0.723584,0.793427,0.753513,0.089274,0.925746,0.576863,0.332851,0.169970,0.083937,0.033057
723,0.190182,0.723156,0.131274,0.104801,0.363091,0.247833,0.653907,0.328021,0.581994,0.333196,0.391266,0.691334,0.061564,0.137851,0.721303,0.791038,0.751655,0.090635,0.924068,0.575886,0.332383,0.169974,0.083937,0.033342
724,0.190921,0.721766,0.132578,0.105267,0.363900,0.247953,0.651072,0.332942,0.579908,0.335344,0.390257,0.688873,0.062702,0.137852,0.718529,0.788222,0.749400,0.092183,0.921982,0.574683,0.331827,0.169979,0.083937,0.033688
725,0.191690,0.720048,0.134022,0.105765,0.364687,0.248106,0.648035,0.337797,0.577582,0.337645,0.389205,0.686065,0.063903,0.137853,0.715323,0.785026,0.746796,0.093900,0.919539,0.573282,0.331196,0.169984,0.083937,0.034088
726,0.192489,0.718035,0.135592,0.106292,0.365452,0.248291,0.644813,0.342584,0.575042,0.340087,0.388114,0.682954,0.065164,0.137855,0.711745,0.781500,0.743891,0.095765,0.916793,0.571714,0.330497,0.169989,0.083937,0.034533
727,0.193314,0.715758,0.137272,0.106847,0.366194,0.248508,0.641422,0.347301,0.572318,0.342657,0.386984,0.679587,0.066479,0.137859,0.707857,0.777692,0.740735,0.097762,0.913797,0.570005,0.329742,0.169995,0.083937,0.035017
728,0.194165,0.713247,0.139045,0.107427,0.366913,0.248755,0.637878,0.351948,0.569436,0.345343,0.385818,0.676011,0.067845,0.137863,0.703719,0.773651,0.737377,0.099871,0.910604,0.568185,0.328941,0.170000,0.083937,0.035532
729,0.195040,0.710534,0.140898,0.108029,0.367607,0.249032,0.634199,0.356523,0.566425,0.348132,0.384618,0.672270,0.069258,0.137868,0.699392,0.769424,0.733866,0.102073,0.907266,0.566282,0.328103,0.170006,0.083937,0.036071
730,0.195937,0.707650,0.142813,0.108650,0.368275,0.249337,0.630400,0.361025,0.563312,0.351013,0.383387,0.668412,0.070712,0.137875,0.694937,0.765062,0.730250,0.104350,0.903837,0.564325,0.327238,0.170013,0.083937,0.036625
731,0.195937,0.707650,0.142813,0.108650,0.368275,0.249337,0.630400,0.361025,0.563312,0.351013,0.383387,0.668412,0.070712,0.137875,0.694937,0.765062,0.730250,0.104350,0.903837,0.564325,0.327238,0.170013,0.083937,0.036625
732,0.195937,0.707650,0.142813,0.108650,0.368275,0.249337,0.630400,0.361025,0.563312,0.351013,0.383387,0.668412,0.070712,0.137875,0.694937,0.765062,0.730250,0.104350,0.903837,0.564325,0.327238,0.170013,0.083937,0.036625
733,0.195937,0.707650,0.142813,0.108650,0.368275,0.249337,0.630400,0.361025,0.563312,0.351013,0.383387,0.668412,0.070712,0.137875,0.694937,0.765062,0.730250,0.104350,0.903837,0.564325,0.327238,0.170013,0.083937,0.036625
734,0.195937,0.707650,0.142813,0.108650,0.368275,0.249337,0.630400,0.361025,0.563312,0.351013,0.383387,0.668412,0.070712,0.137875,0.694937,0.765062,0.730250,0.104350,0.903837,0.564325,0.327238,0.170013,0.083937,0.036625
735,0.195937,0.707650,0.142813,0.108650,0.368275,0.249337,0.630400,0.361025,0.563312,0.351013,0.383387,0.668412,0.070712,0.137875,0.694937,0.765062,0.730250,0.104350,0.903837,0.564325,0.327238,0.170013,0.083937,0.036625
736,0.195937,0.707650,0.142813,0.108650,0.368275,0.249337,0.630400,0.361025,0.563312,0.351013,0.383387,0.668412,0.070712,0.137875,0.694937,0.765062,0.730250,0.104350,0.903837,0.564325,0.327238,0.170013,0.083937,0.036625
737,0.195937,0.707650,0.142813,0.108650,0.368275,0.249337,0.630400,0.361025,0.563312,0.351013,0.383387,0.668412,0.070712,0.137875,0.694937,0.765062,0.730250,0.104350,0.903837,0.564325,0.327238,0.170013,0.083937,0.036625
738,0.195937,0.707650,0.142813,0.108650,0.368275,0.249337,0.630400,0.361025,0.563312,0.351013,0.383387,0.668412,0.070712,0.137875,0.694937,0.765062,0.730250,0.104350,0.903837,0.564325,0.327238,0.170013,0.083937,0.036625
739,0.195937,0.707650,0.142813,0.108650,0.368275,0.249337,0.630400,0.361025,0.563312,0.351013,0.383387,0.668412,0.070712,0.137875,0.694937,0.765062,0.730250,0.104350,0.903837,0.564325,0.327238,0.170013,0.083937,0.036625
740,0.195937,0.707650,0.142813,0.108650,0.368275,0.249337,0.630400,0.361025,0.563312,0.351013,0.383387,0.668412,0.070712,0.137875,0.694937,0.765062,0.730250,0.104350,0.903837,0.564325,0.327238,0.170013,0.083937,0.036625
741,0.195937,0.707650,0.142813,0.108650,0.368275,0.249337,0.630400,0.361025,0.563312,0.351013,0.383387,0.668412,0.070712,0.137875,0.694937,0.765062,0.730250,0.104350,0.903837,0.564325,0.327238,0.170013,0.083937,0.036625
742,0.195937,0.707650,0.142813,0.108650,0.368275,0.249337,0.630400,0.361025,0.563312,0.351013,0.383387,0.668412,0.070712,0.137875,0.694937,0.765062,0.730250,0.104350,0.903837,0.564325,0.327238,0.170013,0.083937,0.036625
743,0.195937,0.707650,0.142813,0.108650,0.368275,0.249337,0.630400,0.361025,0.563312,0.351013,0.383387,0.668412,0.070712,0.137875,0.694937,0.765062,0.730250,0.104350,0.903837,0.564325,0.327238,0.170013,0.083937,0.036625
744,0.195937,0.707650,0.142813,0.108650,0.368275,0.249337,0.630400,0.361025,0.563312,0.351013,0.383387,0.668412,0.070712,0.137875,0.694937,0.765062,0.730250,0.104350,0.903837,0.564325,0.327238,0.170013,0.083937,0.036625
745,0.195937,0.707650,0.142813,0.108650,0.368275,0.249337,0.630400,0.361025,0.563312,0.351013,0.383387,0.668412,0.070712,0.137875,0.694937,0.765062,0.730250,0.104350,0.903837,0.564325,0.327238,0.170013,0.083937,0.036625
746,0.195937,0.707650,0.142813,0.108650,0.368275,0.249337,0.630400,0.361025,0.563312,0.351013,0.383387,0.668412,0.070712,0.137875,0.694937,0.765062,0.730250,0.104350,0.903837,0.564325,0.327238,0.170013,0.083937,0.036625
747,0.195937,0.707650,0.142813,0.108650,0.368275,0.249337,0.630400,0.361025,0.563312,0.351013,0.383387,0.668412,0.070712,0.137875,0.694937,0.765062,0.730250,0.104350,0.903837,0.564325,0.327238,0.170013,0.083937,0.036625
748,0.195937,0.707650,0.142813,0.108650,0.368275,0.249337,0.630400,0.361025,0.563312,0.351013,0.383387,0.668412,0.070712,0.137875,0.694937,0.765062,0.730250,0.104350,0.903837,0.564325,0.327238,0.170013,0.083937,0.036625
749,0.195937,0.707650,0.142813,0.108650,0.368275,0.249337,0.630400,0.361025,0.563312,0.351013,0.383387,0.668412,0.070712,0.137875,0.694937,0.765062,0.730250,0.104350,0.903837,0.564325,0.327238,0.170013,0.083937,0.036625
750,0.195937,0.707650,0.142813,0.108650,0.368275,0.249337,0.630400,0.361025,0.563312,0.351013,0.383387,0.668412,0.070712,0.137875,0.694937,0.765062,0.730250,0.104350,0.903837,0.564325,0.327238,0.170013,0.083937,0.036625
751,0.195937,0.707650,0.142813,0.108650,0.368275,0.249337,0.630400,0.361025,0.563312,0.351013,0.383387,0.668412,0.070712,0.137875,0.694937,0.765062,0.730250,0.104350,0.903837,0.564325,0.327238,0.170013,0.083937,0.036625
752,0.195937,0.707650,0.142813,0.108650,0.368275,0.249337,0.630400,0.361025,0.563312,0.351013,0.383387,0.668412,0.070712,0.137875,0.694937,0.765062,0.730250,0.104350,0.903837,0.564325,0.327238,0.170013,0.083937,0.036625
753,0.195937,0.707650,0.142813,0.108650,0.368275,0.249337,0.630400,0.361025,0.563312,0.351013,0.383387,0.668412,0.070712,0.137875,0.694937,0.765062,0.730250,0.104350,0.903837,0.564325,0.327238,0.170013,0.083937,0.036625
754,0.195937,0.707650,0.142813,0.108650,0.368275,0.249337,0.630400,0.361025,0.563312,0.351013,0.383387,0.668412,0.070712,0.137875,0.694937,0.765062,0.730250,0.104350,0.903837,0.564325,0.327238,0.170013,0.083937,0.036625
755,0.195937,0.707650,0.142813,0.108650,0.368275,0.249337,0.630400,0.361025,0.563312,0.351013,0.383387,0.668412,0.070712,0.137875,0.694937,0.765062,0.730250,0.104350,0.903837,0.564325,0.327238,0.170013,0.083937,0.036625
756,0.195937,0.707650,0.142813,0.108650,0.368275,0.249337,0.630400,0.361025,0.563312,0.351013,0.383387,0.668412,0.070712,0.137875,0.694937,0.765062,0.730250,0.104350,0.903837,0.564325,0.327238,0.170013,0.083937,0.036625
757,0.195937,0.707650,0.142813,0.108650,0.368275,0.249337,0.630400,0.361025,0.563312,0.351013,0.383387,0.668412,0.070712,0.137875,0.694937,0.765062,0.730250,0.104350,0.903837,0.564325,0.327238,0.170013,0.083937,0.036625
758,0.195937,0.707650,0.142813,0.108650,0.368275,0.249337,0.630400,0.361025,0.563312,0.351013,0.383387,0.668412,0.070712,0.137875,0.694937,0.765062,0.730250,0.104350,0.903837,0.564325,0.327238,0.170013,0.083937,0.036625
759,0.195937,0.707650,0.142813,0.108650,0.368275,0.249337,0.630400,0.361025,0.563312,0.351013,0.383387,0.668412,0.070712,0.137875,0.694937,0.765062,0.730250,0.104350,0.903837,0.564325,0.327238,0.170013,0.083937,0.036625
760,0.195937,0.707650,0.142813,0.108650,0.368275,0.249337,0.630400,0.361025,0.563312,0.351013,0.383387,0.668412,0.070712,0.137875,0.694937,0.765062,0.730250,0.104350,0.903837,0.564325,0.327238,0.170013,0.083937,0.036625
761,0.195937,0.707650,0.142813,0.108650,0.368275,0.249337,0.630400,0.361025,0.563312,0.351013,0.383387,0.668412,0.070712,0.137875,0.694937,0.765062,0.730250,0.104350,0.903837,0.564325,0.327238,0.170013,0.083937,0.036625
762,0.195937,0.707650,0.142813,0.108650,0.368275,0.249337,0.630400,0.361025,0.563312,0.351013,0.383387,0.668412,0.070712,0.137875,0.694937,0.765062,0.730250,0.104350,0.903837,0.564325,0.327238,0.170013,0.083937,0.036625
763,0.195937,0.707650,0.142813,0.108650,0.368275,0.249337,0.630400,0.361025,0.563312,0.351013,0.383387,0.668412,0.070712,0.137875,0.694937,0.765062,0.730250,0.104350,0.903837,0.564325,0.327238,0.170013,0.083937,0.036625
764,0.195937,0.707650,0.142813,0.108650,0.368275,0.249337,0.630400,0.361025,0.563312,0.351013,0.383387,0.668412,0.070712,0.137875,0.694937,0.765062,0.730250,0.104350,0.903837,0.564325,0.327238,0.170013,0.083937,0.036625
765,0.195937,0.707650,0.142813,0.108650,0.368275,0.249337,0.630400,0.361025,0.563312,0.351013,0.383387,0.668412,0.070712,0.137875,0.694937,0.765062,0.730250,0.104350,0.903837,0.564325,0.327238,0.170013,0.083937,0.036625
766,0.195937,0.707650,0.142813,0.108650,0.368275,0.249337,0.630400,0.361025,0.563312,0.351013,0.383387,0.668412,0.070712,0.137875,0.694937,0.765062,0.730250,0.104350,0.903837,0.564325,0.327238,0.170013,0.083937,0.036625
767,0.195937,0.707650,0.142813,0.108650,0.368275,0.249337,0.630400,0.361025,0.563312,0.351013,0.383387,0.668412,0.070712,0.137875,0.694937,0.765062,0.730250,0.104350,0.903837,0.564325,0.327238,0.170013,0.083937,0.036625
768,0.195937,0.707650,0.142813,0.108650,0.368275,0.249337,0.630400,0.361025,0.563312,0.351013,0.383387,0.668412,0.070712,0.137875,0.694937,0.765062,0.730250,0.104350,0.903837,0.564325,0.327238,0.170013,0.083937,0.036625
769,0.195937,0.707650,0.142813,0.108650,0.368275,0.249337,0.630400,0.361025,0.563312,0.351013,0.383387,0.668412,0.070712,0.137875,0.694937,0.765062,0.730250,0.104350,0.903837,0.564325,0.327238,0.170013,0.083937,0.036625
770,0.195937,0.707650,0.142813,0.108650,0.368275,0.249337,0.630400,0.361025,0.563312,0.351013,0.383387,0.668412,0.070712,0.137875,0.694937,0.765062,0.730250,0.104350,0.903837,0.564325,0.327238,0.170013,0.083937,0.036625
771,0.195937,0.707650,0.142813,0.108650,0.368275,0.249337,0.630400,0.361025,0.563312,0.351013,0.383387,0.668412,0.070712,0.137875,0.694937,0.765062,0.730250,0.104350,0.903837,0.564325,0.327238,0.170013,0.083937,0.036625
772,0.195937,0.707650,0.142813,0.108650,0.368275,0.249337,0.630400,0.361025,0.563312,0.351013,0.383387,0.668412,0.070712,0.137875,0.694937,0.765062,0.730250,0.104350,0.903837,0.564325,0.327238,0.170013,0.083937,0.036625
773,0.195937,0.707650,0.142813,0.108650,0.368275,0.249337,0.630400,0.361025,0.563312,0.351013,0.383387,0.668412,0.070712,0.137875,0.694937,0.765062,0.730250,0.104350,0.903837,0.564325,0.327238,0.170013,0.083937,0.036625
774,0.195937,0.707650,0.142813,0.108650,0.368275,0.249337,0.630400,0.361025,0.563312,0.351013,0.383387,0.668412,0.070712,0.137875,0.694937,0.765062,0.730250,0.104350,0.903837,0.564325,0.327238,0.170013,0.083937,0.036625
775,0.195937,0.707650,0.142813,0.108650,0.368275,0.249337,0.630400,0.361025,0.563312,0.351013,0.383387,0.668412,0.070712,0.137875,0.694937,0.765062,0.730250,0.104350,0.903837,0.564325,0.327238,0.170013,0.083937,0.036625
776,0.195937,0.707650,0.142813,0.108650,0.368275,0.249337,0.630400,0.361025,0.563312,0.351013,0.383387,0.668412,0.070712,0.137875,0.694937,0.765062,0.730250,0.104350,0.903837,0.564325,0.327238,0.170013,0.083937,0.036625
777,0.195937,0.707650,0.142813,0.108650,0.368275,0.249337,0.630400,0.361025,0.563312,0.351013,0.383387,0.668412,0.070712,0.137875,0.694937,0.765062,0.730250,0.104350,0.903837,0.564325,0.327238,0.170013,0.083937,0.036625
778,0.195937,0.707650,0.142813,0.108650,0.368275,0.249337,0.630400,0.361025,0.563312,0.351013,0.383387,0.668412,0.070712,0.137875,0.694937,0.765062,0.730250,0.104350,0.903837,0.564325,0.327238,0.170013,0.083937,0.036625
779,0.195937,0.707650,0.142813,0.108650,0.368275,0.249337,0.630400,0.361025,0.563312,0.351013,0.383387,0.668412,0.070712,0.137875,0.694937,0.765062,0.730250,0.104350,0.903837,0.564325,0.327238,0.170013,0.083937,0.036625
780,0.195937,0.707650,0.142813,0.108650,0.368275,0.249337,0.630400,0.361025,0.563312,0.351013,0.383387,0.668412,0.070712,0.137875,0.694937,0.765062,0.730250,0.104350,0.903837,0.564325,0.327238,0.170013,0.083937,0.036625
